station,province,city,district
叆河,辽宁省,丹东市,宽甸满族自治县
栟茶,江苏省,南通市,如东县
椑木镇,四川省,内江市,东兴区
阿巴嘎旗,内蒙古自治区,锡林郭勒盟,阿巴嘎旗
阿城,黑龙江省,哈尔滨市,阿城区
阿城北,黑龙江省,哈尔滨市,阿城区
阿尔山,内蒙古自治区,兴安盟,阿尔山市
阿尔山北,内蒙古自治区,兴安盟,阿尔山市
阿房宫,陕西省,西安市,长安区
阿贵图,内蒙古自治区,锡林郭勒盟,正镶白旗
阿金,西藏自治区,[],[]
阿克苏,新疆维吾尔自治区,阿克苏地区,[]
阿克陶,新疆维吾尔自治区,克孜勒苏柯尔克孜自治州,阿克陶县
阿拉山口,新疆维吾尔自治区,博尔塔拉蒙古自治州,阿拉山口市
阿勒泰,新疆维吾尔自治区,阿勒泰地区,[]
阿木尔,黑龙江省,大兴安岭地区,漠河县
阿南庄,云南省,楚雄彝族自治州,禄丰县
阿图什,新疆维吾尔自治区,克孜勒苏柯尔克孜自治州,阿图什市
阿乌尼,内蒙古自治区,呼伦贝尔市,根河市
阿寨,青海省,玉树藏族自治州,囊谦县
埃岱,四川省,凉山彝族自治州,甘洛县
艾不盖,内蒙古自治区,包头市,达尔罕茂明安联合旗
艾河,吉林省,吉林市,蛟河市
艾家村,江苏省,常州市,金坛区
鞍山,辽宁省,鞍山市,[]
鞍山西,辽宁省,鞍山市,[]
安达,黑龙江省,绥化市,安达市
安德,黑龙江省,哈尔滨市,道里区
安多,西藏自治区,那曲地区,安多县
安富镇,重庆市,重庆市,荣昌区
安广,黑龙江省,哈尔滨市,道里区
安化,湖南省,益阳市,安化县
安家,黑龙江省,哈尔滨市,五常市
安靖,四川省,宜宾市,宜宾县
安康,陕西省,安康市,[]
安口窑,甘肃省,平凉市,华亭县
安陆,湖北省,孝感市,安陆市
安陆西,湖北省,孝感市,安陆市
安平,河北省,衡水市,安平县
安庆,安徽省,安庆市,[]
安庆西,安徽省,安庆市,[]
安仁,湖南省,郴州市,安仁县
安顺,贵州省,安顺市,[]
安顺西,贵州省,安顺市,[]
安塘,山西省,太原市,阳曲县
安亭北,上海市,上海市,嘉定区
安图,吉林省,延边朝鲜族自治州,安图县
安图西,吉林省,延边朝鲜族自治州,安图县
安阳,河南省,安阳市,[]
安阳东,河南省,安阳市,[]
昂昂溪,黑龙江省,齐齐哈尔市,昂昂溪区
昂乃,内蒙古自治区,通辽市,奈曼旗
敖汉,辽宁省,阜新市,彰武县
敖来,黑龙江省,鹤岗市,绥滨县
敖力布告,内蒙古自治区,通辽市,科尔沁左翼中旗
敖头,江西省,宜春市,宜丰县
八达岭,北京市,北京市,延庆县
八达岭长城,北京市,北京市,延庆县
八方,宁夏回族自治区,吴忠市,同心县
八虎力,黑龙江省,佳木斯市,桦南县
八里甸子,吉林省,长春市,榆树市
八面城,辽宁省,铁岭市,昌图县
八面通,黑龙江省,牡丹江市,穆棱市
八苏木,内蒙古自治区,乌兰察布市,凉城县
八仙筒,内蒙古自治区,通辽市,奈曼旗
巴楚,新疆维吾尔自治区,喀什地区,巴楚县
巴东,湖北省,恩施土家族苗族自治州,巴东县
巴林,内蒙古自治区,赤峰市,宁城县
巴日图,内蒙古自治区,锡林郭勒盟,西乌珠穆沁旗
巴山,重庆市,重庆市,九龙坡区
巴中,四川省,巴中市,[]
坝梁,内蒙古自治区,呼和浩特市,和林格尔县
霸州,河北省,廊坊市,霸州市
霸州西,河北省,廊坊市,霸州市
白壁关,山西省,吕梁市,孝义市
白城,吉林省,白城市,[]
白沟,辽宁省,阜新市,阜新蒙古族自治县
白果,湖北省,黄冈市,麻城市
白河,陕西省,安康市,白河县
白河东,陕西省,安康市,白河县
白河县,陕西省,安康市,白河县
白鸡坡,贵州省,黔东南苗族侗族自治州,剑河县
白涧,河北省,邢台市,沙河市
白奎堡,黑龙江省,哈尔滨市,呼兰区
白狼,内蒙古自治区,兴安盟,阿尔山市
白马,广西壮族自治区,玉林市,北流市
白马井,四川省,巴中市,巴州区
白旗,黑龙江省,哈尔滨市,五常市
白泉,新疆维吾尔自治区,昌吉回族自治州,吉木萨尔县
白沙,海南省,[],昌江黎族自治县
白沙坡,海南省,[],万宁市
白山市,吉林省,白山市,[]
白石山,黑龙江省,伊春市,南岔区
白石岩,山西省,长治市,平顺县
白涛,重庆市,重庆市,涪陵区
白文东,山西省,吕梁市,临县
白彦花,内蒙古自治区,巴彦淖尔市,乌拉特前旗
白洋淀,河北省,沧州市,任丘市
白音察干,内蒙古自治区,乌兰察布市,察哈尔右翼后旗
白音胡硕,内蒙古自治区,锡林郭勒盟,锡林浩特市
白音华南,内蒙古自治区,呼伦贝尔市,扎兰屯市
白音他拉,内蒙古自治区,通辽市,奈曼旗
白银哈尔,甘肃省,白银市,[]
白银市,甘肃省,白银市,[]
白银西,甘肃省,白银市,[]
白云北,贵州省,贵阳市,白云区
白云鄂博,贵州省,贵阳市,白云区
白芨沟,宁夏回族自治区,石嘴山市,大武口区
白桦排,内蒙古自治区,呼伦贝尔市,莫力达瓦达斡尔族自治旗
柏村,河北省,邯郸市,大名县
柏果,贵州省,铜仁市,印江土家族苗族自治县
柏林,重庆市,重庆市,九龙坡区
百里峡,河北省,保定市,涞水县
百色,广西壮族自治区,百色市,[]
百宜,湖南省,益阳市,赫山区
班猫箐,云南省,昆明市,宜良县
板城,辽宁省,抚顺市,抚顺县
板石河,吉林省,白山市,抚松县
板塘,广西壮族自治区,柳州市,柳江县
半截河,吉林省,吉林市,舒兰市
蚌埠,安徽省,蚌埠市,[]
蚌埠南,安徽省,蚌埠市,[]
包头,内蒙古自治区,包头市,[]
包头北,内蒙古自治区,包头市,[]
包头东,内蒙古自治区,包头市,[]
包头西,内蒙古自治区,包头市,[]
保定,河北省,保定市,[]
保定东,河北省,保定市,[]
保家楼,江西省,宜春市,靖安县
堡子湾,山西省,大同市,阳高县
宝丰,河南省,平顶山市,宝丰县
宝华山,江西省,吉安市,永丰县
宝鸡,陕西省,宝鸡市,[]
宝鸡南,陕西省,宝鸡市,[]
宝拉格,内蒙古自治区,锡林郭勒盟,正镶白旗
宝老山,贵州省,黔东南苗族侗族自治州,黄平县
宝林,福建省,福州市,平潭县
宝泉岭,黑龙江省,鹤岗市,萝北县
宝坻,天津市,天津市,宝坻区
北滘,广东省,阳江市,江城区
北安,黑龙江省,黑河市,北安市
北板桥,河北省,保定市,博野县
北戴河,河北省,秦皇岛市,北戴河区
北岗,黑龙江省,鹤岗市,绥滨县
北海,广西壮族自治区,北海市,[]
北京,北京市,北京市,[]
北京北,北京市,北京市,昌平区
北京大兴,北京市,北京市,大兴区
北京东,北京市,北京市,[]
北京南,北京市,北京市,[]
北京西,北京市,北京市,[]
北井子,辽宁省,丹东市,东港市
北流,广西壮族自治区,玉林市,北流市
北马圈子,河北省,秦皇岛市,青龙满族自治县
北牟,山东省,淄博市,淄川区
北舍,江苏省,南通市,海安县
北屯,新疆维吾尔自治区,[],[]
北屯市,新疆维吾尔自治区,[],北屯市
北宅,山东省,青岛市,崂山区
北磴,辽宁省,朝阳市,凌源市
背荫河,吉林省,吉林市,舒兰市
本溪,辽宁省,本溪市,[]
本溪新城,辽宁省,本溪市,溪湖区
笔架山,江西省,上饶市,横峰县
碧州,福建省,三明市,明溪县
毕节,贵州省,毕节市,[]
边沟,宁夏回族自治区,银川市,灵武市
滨海,江苏省,盐城市,滨海县
滨海北,江苏省,盐城市,滨海县
滨海港,江苏省,盐城市,滨海县
滨海西,江苏省,盐城市,滨海县
滨州,山东省,滨州市,[]
宾西北,黑龙江省,哈尔滨市,宾县
宾阳,广西壮族自治区,南宁市,宾阳县
宾州,黑龙江省,哈尔滨市,宾县
博白,广西壮族自治区,玉林市,博白县
博尔塔拉,新疆维吾尔自治区,博尔塔拉蒙古自治州,[]
博克图,内蒙古自治区,呼伦贝尔市,莫力达瓦达斡尔族自治旗
博兴,山东省,滨州市,博兴县
博鳌,海南省,[],琼海市
勃利,黑龙江省,七台河市,勃利县
泊头,河北省,沧州市,泊头市
布海,吉林省,长春市,德惠市
步行街,四川省,成都市,彭州市
蔡家沟,吉林省,长春市,榆树市
蔡家坡,湖北省,孝感市,汉川市
蔡家崖,山西省,吕梁市,兴县
苍南,浙江省,温州市,苍南县
苍坪,四川省,达州市,万源市
苍石,吉林省,吉林市,舒兰市
苍溪,四川省,广元市,苍溪县
沧州,河北省,沧州市,[]
沧州西,河北省,沧州市,[]
曹家营子,内蒙古自治区,赤峰市,林西县
曹县,山东省,菏泽市,曹县
曹子里,山西省,忻州市,五台县
曹妃甸东,河北省,唐山市,曹妃甸区
曹妃甸港,河北省,唐山市,曹妃甸区
草海,贵州省,毕节市,威宁彝族回族苗族自治县
草市,辽宁省,抚顺市,清原满族自治县
茶陵南,湖南省,株洲市,茶陵县
茶条沟,陕西省,汉中市,城固县
查布嘎,内蒙古自治区,赤峰市,巴林右旗
查干湖,吉林省,松原市,前郭尔罗斯蒙古族自治县
查干特格,内蒙古自治区,锡林郭勒盟,二连浩特市
察素齐,内蒙古自治区,呼和浩特市,土默特左旗
岔河,山东省,德州市,德城区
岔江,广西壮族自治区,桂林市,荔浦县
柴沟堡,河北省,张家口市,怀安县
柴河,黑龙江省,牡丹江市,海林市
昌乐,山东省,潍坊市,昌乐县
昌黎,河北省,秦皇岛市,昌黎县
昌平,北京市,北京市,昌平区
昌平北,北京市,北京市,昌平区
昌图,辽宁省,铁岭市,昌图县
昌图西,辽宁省,铁岭市,昌图县
常德,湖南省,常德市,[]
常平,山西省,长治市,壶关县
常平东,河南省,焦作市,沁阳市
常山,浙江省,衢州市,常山县
常州,江苏省,常州市,[]
常州北,江苏省,常州市,[]
常庄,河南省,许昌市,长葛市
长安,陕西省,西安市,长安区
长安西,陕西省,西安市,长安区
长城,山东省,临沂市,兰陵县
长春,吉林省,长春市,[]
长春西,吉林省,长春市,[]
长甸,内蒙古自治区,呼伦贝尔市,额尔古纳市
长发屯,黑龙江省,齐齐哈尔市,讷河市
长葛,河南省,许昌市,长葛市
长葛北,河南省,许昌市,长葛市
长河碥,四川省,乐山市,马边彝族自治县
长虹,河北省,唐山市,路北区
长流,吉林省,通化市,东昌区
长宁,四川省,宜宾市,长宁县
长农,甘肃省,兰州市,西固区
长坡岭,云南省,大理白族自治州,鹤庆县
长庆桥,广东省,江门市,台山市
长沙,湖南省,长沙市,[]
长沙南,湖南省,长沙市,[]
长沙西,湖南省,长沙市,[]
长山屯,吉林省,松原市,前郭尔罗斯蒙古族自治县
长寿,重庆市,重庆市,长寿区
长寿北,重庆市,重庆市,长寿区
长寿湖,重庆市,重庆市,长寿区
长潭沟,湖北省,十堰市,张湾区
长汀南,福建省,龙岩市,长汀县
长兴,浙江省,湖州市,长兴县
长兴南,浙江省,湖州市,长兴县
长垣,河南省,新乡市,长垣县
长征,天津市,天津市,河东区
长治,山西省,长治市,[]
长治北,山西省,长治市,[]
长子,山西省,长治市,长子县
超梁沟,河北省,承德市,承德县
朝天,四川省,广元市,朝天区
朝天南,四川省,广元市,朝天区
朝阳,辽宁省,朝阳市,双塔区
朝阳村,辽宁省,朝阳市,双塔区
朝阳南,辽宁省,朝阳市,双塔区
朝中,贵州省,毕节市,大方县
潮汕,广东省,潮州市,潮安区
潮阳,广东省,汕头市,潮阳区
潮州,广东省,潮州市,[]
巢湖,安徽省,合肥市,包河区
巢湖东,安徽省,合肥市,包河区
车墩,江苏省,扬州市,江都区
车转湾,云南省,曲靖市,富源县
郴州,湖南省,郴州市,[]
郴州西,湖南省,郴州市,[]
辰清,黑龙江省,黑河市,孙吴县
辰溪,湖南省,怀化市,辰溪县
晨明,黑龙江省,伊春市,南岔区
陈官营,河北省,唐山市,迁安市
陈相屯,辽宁省,沈阳市,苏家屯区
城固北,陕西省,汉中市,城固县
城西,青海省,西宁市,城西区
城子坦,辽宁省,大连市,普兰店市
成都,四川省,成都市,[]
成都东,四川省,成都市,[]
成都南,四川省,成都市,[]
成都西,四川省,成都市,[]
成高子,黑龙江省,哈尔滨市,香坊区
成吉思汗,内蒙古自治区,呼伦贝尔市,扎兰屯市
程家,辽宁省,抚顺市,望花区
承德,河北省,承德市,[]
承德东,河北省,承德市,[]
承德南,河北省,承德市,[]
承德县北,河北省,承德市,承德县
池州,安徽省,池州市,[]
赤壁,湖北省,咸宁市,赤壁市
赤壁北,湖北省,咸宁市,赤壁市
赤峰东,内蒙古自治区,赤峰市,[]
赤峰南,内蒙古自治区,赤峰市,[]
崇信,甘肃省,平凉市,崇信县
崇州,四川省,成都市,崇州市
崇左,广西壮族自治区,崇左市,[]
滁州,安徽省,滁州市,[]
滁州北,安徽省,滁州市,[]
楚鲁图,内蒙古自治区,赤峰市,翁牛特旗
楚山,江西省,萍乡市,上栗县
楚雄,云南省,楚雄彝族自治州,[]
串子沟,辽宁省,葫芦岛市,兴城市
春申,上海市,上海市,松江区
春亭阁,内蒙古自治区,呼伦贝尔市,鄂伦春自治旗
茨坝,陕西省,汉中市,南郑县
茨冲,贵州省,六盘水市,水城县
磁山,河北省,邯郸市,武安市
磁窑,内蒙古自治区,呼和浩特市,武川县
慈利,湖南省,张家界市,慈利县
从江,贵州省,黔东南苗族侗族自治州,从江县
崔黄口,天津市,天津市,武清区
翠峰,山西省,晋中市,灵石县
翠岗,江苏省,扬州市,邗江区
达家沟,吉林省,长春市,德惠市
达拉滨,内蒙古自治区,呼伦贝尔市,莫力达瓦达斡尔族自治旗
达拉特西,内蒙古自治区,鄂尔多斯市,达拉特旗
达连河,黑龙江省,哈尔滨市,依兰县
达州,四川省,达州市,[]
达坂城,新疆维吾尔自治区,乌鲁木齐市,达坂城区
打柴沟,河北省,承德市,宽城满族自治县
打羊,贵州省,黔西南布依族苗族自治州,望谟县
大安,吉林省,白城市,大安市
大安北,吉林省,白城市,大安市
大坝,广东省,揭阳市,普宁市
大板,福建省,泉州市,安溪县
大堡,辽宁省,辽阳市,弓长岭区
大东,辽宁省,沈阳市,大东区
大方,贵州省,毕节市,大方县
大方南,贵州省,毕节市,大方县
大丰,江苏省,盐城市,大丰区
大孤山,黑龙江省,双鸭山市,饶河县
大关,云南省,昭通市,大关县
大官屯,河北省,唐山市,遵化市
大河坝,重庆市,重庆市,城口县
大虎山,河南省,安阳市,林州市
大灰厂,北京市,北京市,丰台区
大涧,北京市,北京市,密云县
大口钦,吉林省,吉林市,龙潭区
大口屯,天津市,天津市,宝坻区
大朗镇,广东省,东莞市,[]
大理,云南省,大理白族自治州,[]
大荔,陕西省,渭南市,大荔县
大荔北,陕西省,渭南市,大荔县
大连,辽宁省,大连市,[]
大连北,辽宁省,大连市,[]
大林,黑龙江省,鹤岗市,绥滨县
大陆号,内蒙古自治区,乌兰察布市,察哈尔右翼后旗
大民屯,辽宁省,锦州市,黑山县
大明湖,山东省,济南市,历下区
大盘石,河北省,保定市,易县
大埔,广东省,梅州市,大埔县
大青沟,吉林省,通化市,集安市
大庆,黑龙江省,大庆市,[]
大庆东,黑龙江省,大庆市,[]
大庆西,黑龙江省,大庆市,[]
大山铺,河南省,信阳市,固始县
大石桥,辽宁省,营口市,大石桥市
大石头,江苏省,扬州市,宝应县
大石头南,新疆维吾尔自治区,昌吉回族自治州,木垒哈萨克自治县
大石寨,内蒙古自治区,兴安盟,科尔沁右翼前旗
大通西,安徽省,淮南市,大通区
大同,山西省,大同市,[]
大同南,山西省,大同市,[]
大屯,广西壮族自治区,百色市,靖西县
大湾子,云南省,曲靖市,宣威市
大旺,吉林省,延边朝鲜族自治州,安图县
大武口,宁夏回族自治区,石嘴山市,大武口区
大西,辽宁省,沈阳市,沈河区
大辛庄,山东省,泰安市,岱岳区
大兴,北京市,北京市,大兴区
大兴机场,北京市,北京市,大兴区
大徐屯,辽宁省,葫芦岛市,兴城市
大雅河,辽宁省,本溪市,桓仁满族自治县
大雁,河北省,保定市,易县
大杨树,河南省,洛阳市,洛龙区
大杨树东,内蒙古自治区,呼伦贝尔市,鄂伦春自治旗
大扬气,内蒙古自治区,呼伦贝尔市,鄂伦春自治旗
大阳,山西省,晋城市,泽州县
大冶北,湖北省,黄石市,大冶市
大邑,四川省,成都市,大邑县
大英东,四川省,遂宁市,大英县
大营,云南省,红河哈尼族彝族自治州,建水县
大营镇,河北省,衡水市,枣强县
大余,江西省,赣州市,大余县
大战场,宁夏回族自治区,中卫市,中宁县
大杖子,辽宁省,朝阳市,朝阳县
大足,重庆市,重庆市,大足区
大足南,重庆市,重庆市,大足区
大磴沟,宁夏回族自治区,吴忠市,青铜峡市
带岭,黑龙江省,伊春市,带岭区
代湾,河南省,周口市,郸城县
代县,山西省,忻州市,代县
丹东,辽宁省,丹东市,[]
丹凤,陕西省,商洛市,丹凤县
丹江口,湖北省,十堰市,丹江口市
丹阳,江苏省,镇江市,丹阳市
丹阳北,江苏省,镇江市,丹阳市
当涂东,安徽省,马鞍山市,当涂县
当雄,西藏自治区,拉萨市,墨竹工卡县
当阳,湖北省,宜昌市,当阳市
刀尔登,辽宁省,朝阳市,凌源市
到保,吉林省,白城市,洮北区
道滘,广东省,东莞市,[]
道劳杜,四川省,阿坝藏族羌族自治州,金川县
道清,贵州省,铜仁市,万山区
道州,湖南省,永州市,道县
德安,江西省,九江市,德安县
德保,广西壮族自治区,百色市,德保县
德伯斯,内蒙古自治区,兴安盟,科尔沁右翼前旗
德昌,四川省,凉山彝族自治州,德昌县
德惠,吉林省,长春市,德惠市
德惠西,吉林省,长春市,德惠市
德令哈,青海省,海西蒙古族藏族自治州,德令哈市
德清,浙江省,湖州市,德清县
德清西,浙江省,湖州市,德清县
德仁,吉林省,辽源市,东辽县
德日斯图,内蒙古自治区,呼伦贝尔市,鄂温克族自治旗
德兴,江西省,上饶市,信州区
德兴东,江西省,上饶市,信州区
德阳,四川省,德阳市,[]
德州,山东省,德州市,[]
德州东,山东省,德州市,[]
得耳布尔,内蒙古自治区,呼伦贝尔市,根河市
得莫利,黑龙江省,哈尔滨市,方正县
灯塔,辽宁省,辽阳市,灯塔市
邓家湾,湖北省,黄石市,西塞山区
邓州,河南省,南阳市,邓州市
邓州东,河南省,南阳市,邓州市
低窝铺,甘肃省,酒泉市,玉门市
低庄,湖南省,怀化市,溆浦县
滴道,黑龙江省,鸡西市,滴道区
垫江,重庆市,重庆市,垫江县
电白,广东省,茂名市,电白区
甸心,内蒙古自治区,呼伦贝尔市,扎兰屯市
鼎湖东,广东省,肇庆市,鼎湖区
鼎湖山,广东省,肇庆市,鼎湖区
定边,陕西省,榆林市,定边县
定南,江西省,赣州市,定南县
定陶,山东省,菏泽市,定陶区
定西,甘肃省,定西市,[]
定西北,甘肃省,定西市,[]
定襄,山西省,忻州市,定襄县
定远,安徽省,滁州市,定远县
定州,河北省,保定市,定州市
定州东,河北省,保定市,定州市
东安东,湖南省,永州市,东安县
东边井,黑龙江省,绥化市,海伦市
东岔,山西省,吕梁市,中阳县
东城南,北京市,北京市,东城区
东大坝,黑龙江省,哈尔滨市,香坊区
东戴河,河北省,秦皇岛市,山海关区
东方,海南省,[],东方市
东方红,海南省,[],东方市
东丰,吉林省,辽源市,东丰县
东富,湖北省,武汉市,硚口区
东港北,辽宁省,丹东市,东港市
东沟门,吉林省,通化市,二道江区
东光,河北省,沧州市,东光县
东海,江苏省,连云港市,东海县
东海县,江苏省,连云港市,东海县
东花园北,天津市,天津市,河西区
东津,安徽省,六安市,寿县
东京城,吉林省,长春市,[]
东来,黑龙江省,佳木斯市,富锦市
东明县,山东省,菏泽市,东明县
东南营子,辽宁省,阜新市,彰武县
东坡,四川省,眉山市,东坡区
东升,福建省,泉州市,惠安县
东胜东,内蒙古自治区,鄂尔多斯市,东胜区
东胜西,内蒙古自治区,鄂尔多斯市,东胜区
东台,江苏省,盐城市,东台市
东通化,吉林省,通化市,二道江区
东湾,浙江省,宁波市,余姚市
东乡,江西省,抚州市,东乡区
东辛庄,陕西省,西安市,雁塔区
东兴,广西壮族自治区,防城港市,东兴市
东营,山东省,东营市,[]
东营南,山东省,东营市,[]
东淤地,山西省,忻州市,繁峙县
东元庆,山西省,晋城市,泽州县
东镇,四川省,广元市,旺苍县
东至,安徽省,池州市,东至县
东庄,山西省,忻州市,繁峙县
东莞,广东省,东莞市,[]
东莞东,广东省,东莞市,[]
东莞港,广东省,东莞市,[]
东莞西,广东省,东莞市,[]
董家口,辽宁省,大连市,瓦房店市
洞井,浙江省,金华市,金东区
洞口,湖南省,邵阳市,洞口县
洞庙河,河北省,承德市,兴隆县
斗沟子,黑龙江省,牡丹江市,阳明区
豆罗,山西省,忻州市,忻府区
豆沙关,云南省,昭通市,盐津县
豆庄,河南省,许昌市,襄城县
都格,云南省,曲靖市,富源县
都江堰,四川省,成都市,都江堰市
都匀,贵州省,黔南布依族苗族自治州,都匀市
都匀东,贵州省,黔南布依族苗族自治州,都匀市
独山,贵州省,黔南布依族苗族自治州,独山县
杜尔伯特,黑龙江省,大庆市,杜尔伯特蒙古族自治县
杜拉尔,内蒙古自治区,呼伦贝尔市,莫力达瓦达斡尔族自治旗
渡市,浙江省,丽水市,松阳县
端州,广东省,肇庆市,端州区
兑镇,山西省,吕梁市,孝义市
敦化,吉林省,延边朝鲜族自治州,敦化市
峨边,四川省,乐山市,峨边彝族自治县
峨眉,广西壮族自治区,钦州市,灵山县
峨眉山,四川省,乐山市,峨眉山市
额济纳,内蒙古自治区,阿拉善盟,额济纳旗
鄂尔多斯,内蒙古自治区,鄂尔多斯市,[]
鄂州,湖北省,鄂州市,[]
恩平,广东省,江门市,恩平市
恩施,湖北省,恩施土家族苗族自治州,[]
尔赛河,四川省,凉山彝族自治州,越西县
二井,山西省,阳泉市,郊区
二连,内蒙古自治区,锡林郭勒盟,二连浩特市
二龙,吉林省,白城市,洮南市
二龙屯,黑龙江省,哈尔滨市,延寿县
二营,宁夏回族自治区,固原市,原州区
发耳,贵州省,六盘水市,水城县
繁昌西,安徽省,芜湖市,繁昌县
繁峙,山西省,忻州市,繁峙县
范家屯,黑龙江省,齐齐哈尔市,克东县
范镇,江西省,九江市,瑞昌市
方城,河南省,南阳市,方城县
方正,黑龙江省,哈尔滨市,巴彦县
防城港北,广西壮族自治区,防城港市,[]
费县,山东省,临沂市,费县
费县北,山东省,临沂市,费县
分宜,江西省,新余市,分宜县
汾河,山西省,长治市,平顺县
汾阳,山西省,吕梁市,汾阳市
丰城,江西省,宜春市,丰城市
丰城东,江西省,宜春市,丰城市
丰城南,江西省,宜春市,丰城市
丰都,重庆市,重庆市,丰都县
丰广,吉林省,吉林市,舒兰市
丰乐镇,黑龙江省,双鸭山市,集贤县
丰水村,甘肃省,陇南市,西和县
丰顺,广东省,梅州市,丰顺县
丰顺东,广东省,梅州市,丰顺县
丰镇,内蒙古自治区,乌兰察布市,集宁区
枫林,福建省,莆田市,荔城区
峰洞,贵州省,黔西南布依族苗族自治州,安龙县
峰高铺,重庆市,重庆市,荣昌区
风陵渡,山西省,运城市,芮城县
风水沟,辽宁省,朝阳市,建平县
冯屯,辽宁省,葫芦岛市,绥中县
奉化,浙江省,宁波市,奉化区
凤城东,辽宁省,丹东市,凤城市
凤凰城,湖南省,湘西土家族苗族自治州,凤凰县
凤县,陕西省,宝鸡市,凤县
凤州,陕西省,宝鸡市,凤县
佛岭,江西省,上饶市,万年县
佛山,广东省,佛山市,[]
佛山西,广东省,佛山市,[]
扶沟南,河南省,周口市,扶沟县
扶绥,广西壮族自治区,崇左市,扶绥县
扶余,吉林省,松原市,扶余市
扶余北,吉林省,松原市,扶余市
浮图峪,河北省,保定市,涞源县
涪陵,重庆市,重庆市,涪陵区
涪陵北,重庆市,重庆市,涪陵区
福安,福建省,宁德市,福安市
福鼎,福建省,宁德市,福鼎市
福海,新疆维吾尔自治区,阿勒泰地区,福海县
福利区,陕西省,西安市,莲湖区
福利屯,黑龙江省,齐齐哈尔市,富裕县
福临堡,陕西省,宝鸡市,金台区
福清,福建省,福州市,晋安区
福泉,贵州省,黔南布依族苗族自治州,福泉市
福山镇,山东省,烟台市,招远市
福生庄,江苏省,苏州市,张家港市
福田,广东省,深圳市,福田区
福州,福建省,福州市,[]
福州南,福建省,福州市,[]
抚顺北,辽宁省,抚顺市,[]
抚远,黑龙江省,佳木斯市,抚远市
抚州,江西省,抚州市,[]
抚州东,江西省,抚州市,[]
复盛,四川省,眉山市,东坡区
阜南,安徽省,阜阳市,阜南县
阜宁,江苏省,盐城市,阜宁县
阜宁东,江苏省,盐城市,阜宁县
阜宁南,江苏省,盐城市,阜宁县
阜新,辽宁省,阜新市,[]
阜新南,辽宁省,阜新市,[]
阜阳,安徽省,阜阳市,[]
阜阳西,安徽省,阜阳市,[]
富川,广西壮族自治区,贺州市,富川瑶族自治县
富海,内蒙古自治区,巴彦淖尔市,乌拉特前旗
富锦,黑龙江省,佳木斯市,富锦市
富拉尔基,黑龙江省,齐齐哈尔市,富拉尔基区
富宁,云南省,文山壮族苗族自治州,富宁县
富县东,陕西省,延安市,富县
富阳,浙江省,杭州市,富阳区
富裕,黑龙江省,齐齐哈尔市,铁锋区
富源,云南省,曲靖市,富源县
富源北,云南省,曲靖市,富源县
嘎什甸子,内蒙古自治区,通辽市,奈曼旗
嘎什吐,内蒙古自治区,通辽市,奈曼旗
盖州,辽宁省,营口市,盖州市
盖州西,辽宁省,营口市,盖州市
干塘,云南省,保山市,隆阳区
干溪沟,湖北省,襄阳市,谷城县
甘草店,甘肃省,兰州市,榆中县
甘谷,甘肃省,天水市,甘谷县
甘河,内蒙古自治区,呼伦贝尔市,莫力达瓦达斡尔族自治旗
甘洛,四川省,凉山彝族自治州,西昌市
甘旗卡,内蒙古自治区,通辽市,科尔沁左翼后旗
甘泉北,陕西省,延安市,甘泉县
赶水,重庆市,重庆市,綦江区
赶水东,重庆市,重庆市,綦江区
赣县北,江西省,赣州市,赣县区
赣榆,江苏省,连云港市,赣榆区
赣州,江西省,赣州市,[]
赣州西,江西省,赣州市,[]
高安,江西省,宜春市,高安市
高碑店,河北省,保定市,高碑店市
高碑店东,河北省,保定市,高碑店市
高村,山西省,运城市,万荣县
高峰,四川省,南充市,南部县
高各庄,河北省,唐山市,路北区
高谷,贵州省,贵阳市,开阳县
高家村,江苏省,常州市,天宁区
高楞,黑龙江省,哈尔滨市,方正县
高林屯,内蒙古自治区,呼伦贝尔市,阿荣旗
高密,山东省,潍坊市,高密市
高密北,山东省,潍坊市,高密市
高平,山西省,晋城市,高平市
高桥镇,陕西省,延安市,安塞县
高山子,辽宁省,沈阳市,辽中县
高台,甘肃省,张掖市,高台县
高台南,甘肃省,张掖市,高台县
高滩,黑龙江省,黑河市,逊克县
高头,黑龙江省,齐齐哈尔市,建华区
高邑,河北省,石家庄市,高邑县
高邑西,河北省,石家庄市,高邑县
高州,广东省,茂名市,高州市
鸽子洞,黑龙江省,哈尔滨市,阿城区
革居,贵州省,黔西南布依族苗族自治州,兴义市
葛店南,河南省,周口市,淮阳县
葛根庙,内蒙古自治区,兴安盟,科尔沁右翼前旗
格尔木,青海省,海西蒙古族藏族自治州,格尔木市
根河,内蒙古自治区,呼伦贝尔市,根河市
恭城,广西壮族自治区,桂林市,恭城瑶族自治县
公积坂,内蒙古自治区,包头市,九原区
公庙子,内蒙古自治区,巴彦淖尔市,乌拉特前旗
公主岭,吉林省,四平市,公主岭市
公主岭南,吉林省,四平市,公主岭市
巩义,河南省,郑州市,巩义市
巩义南,河南省,郑州市,巩义市
共青城,江西省,九江市,共青城市
沟帮子,辽宁省,锦州市,北镇市
沟口,山西省,吕梁市,中阳县
菇园,吉林省,通化市,二道江区
孤山,辽宁省,丹东市,东港市
孤山口,北京市,北京市,房山区
孤山子,辽宁省,鞍山市,海城市
姑家堡,内蒙古自治区,乌兰察布市,卓资县
古北口,北京市,北京市,密云县
古城,云南省,丽江市,古城区
古城东,云南省,丽江市,古城区
古东,广西壮族自治区,桂林市,荔浦县
古家沱,重庆市,重庆市,江津区
古交,山西省,太原市,古交市
古莲,广西壮族自治区,河池市,都安瑶族自治县
古田北,福建省,宁德市,古田县
古田会址,福建省,宁德市,古田县
古冶,河北省,唐山市,古冶区
古源,内蒙古自治区,呼伦贝尔市,鄂伦春自治旗
古镇,山东省,枣庄市,滕州市
谷城,湖北省,襄阳市,谷城县
谷山,山东省,枣庄市,滕州市
固始,河南省,信阳市,固始县
固原,宁夏回族自治区,固原市,[]
固镇,安徽省,蚌埠市,固镇县
瓜州,甘肃省,酒泉市,瓜州县
关村坝,四川省,乐山市,金口河区
关林,河南省,洛阳市,洛龙区
关岭,贵州省,安顺市,关岭布依族苗族自治县
关寨,湖北省,恩施土家族苗族自治州,鹤峰县
官高,北京市,北京市,昌平区
官厅,福建省,宁德市,福安市
官厅西,河北省,张家口市,怀来县
冠豸山,福建省,龙岩市,连城县
观沙岭,湖南省,长沙市,岳麓区
观音机场,四川省,达州市,大竹县
灌南,江苏省,连云港市,灌南县
灌水,辽宁省,丹东市,宽甸满族自治县
光明,浙江省,绍兴市,[]
光明城,福建省,福州市,台江区
光泽,福建省,南平市,光泽县
广安,四川省,广安市,[]
广安南,四川省,广安市,[]
广德,安徽省,宣城市,广德县
广汉北,四川省,德阳市,广汉市
广南县,云南省,文山壮族苗族自治州,广南县
广宁,广东省,肇庆市,广宁县
广水,湖北省,随州市,广水市
广顺场,重庆市,重庆市,荣昌区
广通北,云南省,楚雄彝族自治州,禄丰县
广元,四川省,广元市,[]
广州,广东省,广州市,[]
广州北,广东省,广州市,[]
广州东,广东省,广州市,[]
广州南,广东省,广州市,[]
归流河,内蒙古自治区,兴安盟,科尔沁右翼前旗
桂林,广西壮族自治区,桂林市,[]
桂林北,广西壮族自治区,桂林市,[]
桂林西,广西壮族自治区,桂林市,[]
桂平,广西壮族自治区,贵港市,桂平市
贵定,贵州省,黔南布依族苗族自治州,贵定县
贵定北,贵州省,黔南布依族苗族自治州,贵定县
贵定县,贵州省,黔南布依族苗族自治州,贵定县
贵港,广西壮族自治区,贵港市,[]
贵溪,江西省,鹰潭市,贵溪市
贵阳,贵州省,贵阳市,[]
贵阳北,贵州省,贵阳市,[]
贵阳东,贵州省,贵阳市,[]
郭尔奔敖包,内蒙古自治区,锡林郭勒盟,苏尼特右旗
郭家店,黑龙江省,齐齐哈尔市,克山县
郭家屯,黑龙江省,齐齐哈尔市,克东县
果松,吉林省,白山市,抚松县
哈达,黑龙江省,牡丹江市,宁安市
哈达铺,辽宁省,锦州市,凌海市
哈达阳,内蒙古自治区,呼伦贝尔市,莫力达瓦达斡尔族自治旗
哈尔巴岭,吉林省,延边朝鲜族自治州,汪清县
哈尔滨,黑龙江省,哈尔滨市,[]
哈尔滨北,黑龙江省,哈尔滨市,[]
哈尔滨东,黑龙江省,哈尔滨市,[]
哈尔滨西,黑龙江省,哈尔滨市,[]
哈克,内蒙古自治区,呼伦贝尔市,海拉尔区
哈拉海,吉林省,长春市,农安县
哈拉苏,内蒙古自治区,呼伦贝尔市,扎兰屯市
哈力图,内蒙古自治区,呼伦贝尔市,莫力达瓦达斡尔族自治旗
哈密,新疆维吾尔自治区,哈密市,[]
哈日努拉,内蒙古自治区,兴安盟,科尔沁右翼中旗
哈业胡同,内蒙古自治区,包头市,九原区
海安,江苏省,南通市,海安县
海城,辽宁省,鞍山市,海城市
海城西,辽宁省,鞍山市,海城市
海口,海南省,海口市,[]
海口东,海南省,海口市,[]
海拉尔,内蒙古自治区,呼伦贝尔市,海拉尔区
海林,黑龙江省,牡丹江市,海林市
海林北,黑龙江省,牡丹江市,海林市
海伦,黑龙江省,绥化市,海伦市
海门,江苏省,南通市,海门市
海宁,浙江省,嘉兴市,海宁市
海宁西,浙江省,嘉兴市,海宁市
海石湾,甘肃省,兰州市,红古区
海阳北,山东省,烟台市,海阳市
邯郸,河北省,邯郸市,[]
邯郸东,河北省,邯郸市,[]
韩城,陕西省,渭南市,韩城市
韩府湾,宁夏回族自治区,中卫市,海原县
韩麻营,河北省,承德市,隆化县
涵江,福建省,莆田市,涵江区
寒葱沟,吉林省,延边朝鲜族自治州,安图县
寒岭,浙江省,杭州市,余杭区
罕达盖,内蒙古自治区,呼伦贝尔市,新巴尔虎左旗
汉川,湖北省,孝感市,汉川市
汉口,湖北省,武汉市,黄陂区
汉寿,湖南省,常德市,汉寿县
汉源,四川省,雅安市,汉源县
汉中,陕西省,汉中市,[]
杭锦旗,内蒙古自治区,鄂尔多斯市,杭锦旗
杭州,浙江省,杭州市,[]
杭州东,浙江省,杭州市,[]
浩良河,黑龙江省,伊春市,南岔区
荷塘,湖南省,株洲市,荷塘区
菏泽,山东省,菏泽市,[]
核桃园,山东省,淄博市,博山区
和静,新疆维吾尔自治区,巴音郭楞蒙古自治州,和静县
和平,广东省,河源市,和平县
和什托洛盖,新疆维吾尔自治区,塔城地区,和布克赛尔蒙古自治县
和硕,新疆维吾尔自治区,巴音郭楞蒙古自治州,和硕县
和田,新疆维吾尔自治区,和田地区,[]
合川,重庆市,重庆市,合川区
合肥,安徽省,合肥市,[]
合肥北城,安徽省,合肥市,[]
合肥南,安徽省,合肥市,[]
合浦,广西壮族自治区,北海市,合浦县
合阳北,陕西省,渭南市,合阳县
河边,山西省,忻州市,定襄县
河唇,广东省,湛江市,廉江市
河东机场,山东省,临沂市,平邑县
河津,山西省,运城市,河津市
河口北,山东省,东营市,河口区
河口南,山东省,东营市,河口区
河洛营,河北省,承德市,隆化县
河源,广东省,河源市,[]
赫尔洪得,内蒙古自治区,呼伦贝尔市,陈巴尔虎旗
鹤北,黑龙江省,鹤岗市,萝北县
鹤壁,河南省,鹤壁市,[]
鹤壁东,河南省,鹤壁市,[]
鹤岗,黑龙江省,鹤岗市,[]
鹤立,江西省,抚州市,乐安县
鹤山,广东省,江门市,鹤山市
贺家店,辽宁省,葫芦岛市,兴城市
贺州,广西壮族自治区,贺州市,[]
黑冲滩,甘肃省,酒泉市,瓜州县
黑河,黑龙江省,黑河市,[]
黑井,云南省,楚雄彝族自治州,禄丰县
黑山北,辽宁省,锦州市,黑山县
黑水,四川省,阿坝藏族羌族自治州,黑水县
黑台,黑龙江省,鸡西市,密山市
黑旺,山东省,淄博市,淄川区
横道河子,吉林省,吉林市,蛟河市
横道河子东,黑龙江省,牡丹江市,海林市
横峰,江西省,上饶市,横峰县
横江,江西省,萍乡市,湘东区
衡山,湖南省,衡阳市,衡山县
衡山西,湖南省,衡阳市,衡山县
衡水,河北省,衡水市,[]
衡水北,河北省,衡水市,[]
衡阳,湖南省,衡阳市,[]
衡阳东,湖南省,衡阳市,[]
恒地营,黑龙江省,齐齐哈尔市,讷河市
洪洞,山西省,临汾市,洪洞县
洪洞西,山西省,临汾市,洪洞县
洪河,黑龙江省,绥化市,肇东市
洪梅,福建省,泉州市,南安市
宏克力,黑龙江省,哈尔滨市,依兰县
宏庆,甘肃省,陇南市,两当县
红安西,湖北省,黄冈市,红安县
红峰,黑龙江省,佳木斯市,抚远县
红光镇,浙江省,台州市,临海市
红果,贵州省,六盘水市,盘县
红花沟,河北省,承德市,滦平县
红花园,广东省,广州市,[]
红江,湖北省,武汉市,蔡甸区
红砂坝,内蒙古自治区,乌兰察布市,丰镇市
红砂岘,甘肃省,白银市,白银区
红山,内蒙古自治区,赤峰市,红山区
红寺堡,宁夏回族自治区,吴忠市,红寺堡区
红寺堡北,宁夏回族自治区,吴忠市,红寺堡区
红星,黑龙江省,伊春市,红星区
红彦,内蒙古自治区,呼伦贝尔市,莫力达瓦达斡尔族自治旗
红岘台,甘肃省,白银市,景泰县
侯马,山西省,临汾市,侯马市
侯马西,山西省,临汾市,侯马市
猴山,广西壮族自治区,南宁市,上林县
厚街,广东省,东莞市,[]
后寨,甘肃省,天水市,秦州区
呼和浩特,内蒙古自治区,呼和浩特市,[]
呼和浩特东,内蒙古自治区,呼和浩特市,[]
呼兰,黑龙江省,哈尔滨市,呼兰区
呼鲁斯太,内蒙古自治区,包头市,九原区
葫芦岛,辽宁省,葫芦岛市,[]
葫芦岛北,辽宁省,葫芦岛市,[]
湖口,江西省,九江市,湖口县
湖州,浙江省,湖州市,[]
虎尔虎拉,黑龙江省,齐齐哈尔市,富拉尔基区
虎林,黑龙江省,鸡西市,虎林市
虎门,山东省,济南市,历城区
虎门北,广东省,东莞市,[]
虎门东,广东省,东莞市,[]
虎山,江西省,南昌市,南昌县
虎什哈,河北省,承德市,滦平县
互助,青海省,海东市,民和回族土族自治县
花湖,江苏省,南通市,如皋市
花家庄,山东省,潍坊市,临朐县
花楼坝,四川省,达州市,大竹县
花棚子,重庆市,重庆市,云阳县
花山南,安徽省,马鞍山市,含山县
花土坡,贵州省,遵义市,桐梓县
花园,湖北省,孝感市,孝昌县
花园口,河南省,郑州市,惠济区
华城,广东省,梅州市,五华县
华容东,湖南省,岳阳市,岳阳楼区
华容南,湖南省,岳阳市,岳阳楼区
华山,山东省,济南市,历城区
华山北,陕西省,渭南市,华阴市
华蓥,四川省,广安市,华蓥市
化处,贵州省,安顺市,普定县
化德,内蒙古自治区,乌兰察布市,化德县
化州,广东省,茂名市,化州市
怀化,湖南省,怀化市,[]
怀化南,湖南省,怀化市,[]
怀集,广东省,肇庆市,怀集县
怀仁,山西省,朔州市,怀仁县
怀仁东,山西省,朔州市,怀仁县
怀柔,北京市,北京市,怀柔区
怀柔北,北京市,北京市,怀柔区
淮安,江苏省,淮安市,[]
淮安东,江苏省,淮安市,[]
淮北,安徽省,淮北市,[]
淮北北,安徽省,淮北市,[]
淮滨,河南省,信阳市,淮滨县
淮南,安徽省,淮南市,[]
淮南东,安徽省,淮南市,[]
淮南南,安徽省,淮南市,[]
淮阳南,河南省,周口市,淮阳县
桓龙湖,广东省,汕头市,金平区
换新天,黑龙江省,佳木斯市,富锦市
荒沟西,辽宁省,本溪市,桓仁满族自治县
黄柏,安徽省,安庆市,潜山县
黄磏,重庆市,重庆市,九龙坡区
黄村,广东省,惠州市,惠城区
黄冈,湖北省,黄冈市,[]
黄冈东,湖北省,黄冈市,[]
黄冈西,湖北省,黄冈市,[]
黄瓜园,北京市,北京市,昌平区
黄河景区,辽宁省,沈阳市,皇姑区
黄花筒,内蒙古自治区,通辽市,奈曼旗
黄家店,吉林省,延边朝鲜族自治州,珲春市
黄口,山东省,烟台市,牟平区
黄陵,陕西省,延安市,黄陵县
黄陵南,陕西省,延安市,黄陵县
黄流,湖北省,[],天门市
黄梅,湖北省,黄冈市,黄梅县
黄泥河,吉林省,吉林市,舒兰市
黄泥崴子,四川省,达州市,渠县
黄平,贵州省,黔东南苗族侗族自治州,黄平县
黄山,安徽省,黄山市,[]
黄山北,安徽省,黄山市,[]
黄石,湖北省,黄石市,[]
黄石北,湖北省,黄石市,[]
黄松甸,吉林省,吉林市,蛟河市
黄土店,山东省,泰安市,肥城市
黄羊滩,青海省,海北藏族自治州,祁连县
黄羊湾,甘肃省,庆阳市,环县
黄羊镇,甘肃省,武威市,凉州区
黄州,湖北省,黄冈市,黄州区
辉河,内蒙古自治区,呼伦贝尔市,鄂温克族自治旗
徽县,甘肃省,陇南市,徽县
惠安,福建省,泉州市,惠安县
惠东,广东省,惠州市,惠东县
惠环,广东省,惠州市,惠城区
惠农,宁夏回族自治区,石嘴山市,惠农区
惠山,江苏省,无锡市,梁溪区
惠州,广东省,惠州市,[]
惠州南,广东省,惠州市,[]
会昌北,江西省,赣州市,会昌县
会同,湖南省,怀化市,会同县
汇流河,内蒙古自治区,呼伦贝尔市,牙克石市
汇塘河,贵州省,遵义市,汇川区
获嘉,河南省,新乡市,获嘉县
霍林郭勒,内蒙古自治区,通辽市,霍林郭勒市
霍邱,安徽省,六安市,霍邱县
霍州,山西省,临汾市,霍州市
霍州东,山西省,临汾市,霍州市
鸡东,黑龙江省,鸡西市,鸡东县
鸡西,黑龙江省,鸡西市,[]
绩溪北,安徽省,宣城市,绩溪县
绩溪县,安徽省,宣城市,绩溪县
吉安,江西省,吉安市,[]
吉安西,江西省,吉安市,[]
吉林,吉林省,[],[]
吉首,湖南省,湘西土家族苗族自治州,吉首市
吉舒,吉林省,吉林市,舒兰市
吉文,内蒙古自治区,呼伦贝尔市,鄂伦春自治旗
集安,吉林省,通化市,集安市
集宁南,内蒙古自治区,乌兰察布市,集宁区
即墨北,山东省,青岛市,即墨区
济南,山东省,济南市,[]
济南东,山东省,济南市,[]
济南西,山东省,济南市,[]
济宁,山东省,济宁市,[]
济源,河南省,[],[]
纪家沟,山西省,阳泉市,盂县
嘉善,浙江省,嘉兴市,嘉善县
嘉善南,浙江省,嘉兴市,嘉善县
嘉祥,山东省,济宁市,嘉祥县
嘉兴,浙江省,嘉兴市,[]
嘉兴南,浙江省,嘉兴市,[]
嘉峪关,甘肃省,嘉峪关市,[]
嘉峪关南,甘肃省,嘉峪关市,[]
佳木斯,黑龙江省,佳木斯市,[]
佳木斯西,黑龙江省,佳木斯市,[]
加格达奇,黑龙江省,大兴安岭地区,加格达奇区
加劳,广西壮族自治区,河池市,巴马瑶族自治县
加南,广西壮族自治区,河池市,都安瑶族自治县
甲猫,广西壮族自治区,百色市,凌云县
甲山,广西壮族自治区,桂林市,秀峰区
尖峰,湖北省,随州市,随县
尖山,黑龙江省,双鸭山市,尖山区
碱柜,内蒙古自治区,鄂尔多斯市,杭锦旗
简阳南,四川省,成都市,简阳市
剑门关,四川省,广元市,剑阁县
建安,辽宁省,丹东市,元宝区
建德,浙江省,杭州市,建德市
建宁县北,福建省,三明市,建宁县
建桥,河北省,衡水市,阜城县
建始,湖北省,恩施土家族苗族自治州,建始县
建水,云南省,红河哈尼族彝族自治州,建水县
建阳,福建省,南平市,建阳区
建瓯,福建省,南平市,建瓯市
建瓯西,福建省,南平市,建瓯市
姜家,浙江省,杭州市,临安市
姜堰,江苏省,泰州市,姜堰区
将乐,福建省,三明市,将乐县
江都,江苏省,扬州市,江都区
江华,湖南省,永州市,江华瑶族自治县
江津,重庆市,重庆市,江津区
江门东,广东省,江门市,[]
江密峰,吉林省,吉林市,龙潭区
江宁,江苏省,南京市,江宁区
江宁西,江苏省,南京市,江宁区
江桥,黑龙江省,齐齐哈尔市,泰来县
江山,浙江省,衢州市,江山市
江所田,云南省,曲靖市,罗平县
江永,湖南省,永州市,江永县
江油,四川省,绵阳市,江油市
江油北,四川省,绵阳市,江油市
江源,吉林省,白山市,浑江区
蕉溪,江西省,宜春市,宜丰县
焦作,河南省,焦作市,[]
胶州,山东省,青岛市,胶州市
胶州北,山东省,青岛市,胶州市
交城,山西省,吕梁市,交城县
角美,福建省,漳州市,龙海市
揭阳,广东省,揭阳市,[]
揭阳机场,广东省,揭阳市,榕城区
揭阳南,广东省,揭阳市,[]
界山,江苏省,盐城市,滨海县
界首南,安徽省,阜阳市,界首市
界首市,安徽省,阜阳市,界首市
介休,山西省,晋中市,介休市
介休东,山西省,晋中市,介休市
金宝屯,内蒙古自治区,呼伦贝尔市,阿荣旗
金昌,甘肃省,金昌市,[]
金城江,广西壮族自治区,河池市,金城江区
金刚沱,重庆市,重庆市,江津区
金沟屯,黑龙江省,哈尔滨市,尚志市
金河,内蒙古自治区,呼和浩特市,赛罕区
金华,浙江省,金华市,[]
金华南,浙江省,金华市,[]
金林,内蒙古自治区,呼伦贝尔市,根河市
金山北,上海市,上海市,金山区
金山屯,黑龙江省,伊春市,金山屯区
金山卫,上海市,上海市,金山区
金山园区,上海市,上海市,金山区
金月湾,广东省,广州市,番禺区
金寨,安徽省,六安市,金寨县
金杖子,辽宁省,朝阳市,朝阳县
金钟,四川省,眉山市,仁寿县
金州,辽宁省,大连市,金州区
锦和,广东省,江门市,台山市
锦河,黑龙江省,哈尔滨市,尚志市
锦界,陕西省,榆林市,神木县
锦州,辽宁省,锦州市,[]
锦州南,辽宁省,锦州市,[]
进贤,江西省,南昌市,进贤县
进贤南,江西省,南昌市,进贤县
晋城,山西省,晋城市,[]
晋城北,山西省,晋城市,[]
晋江,福建省,泉州市,晋江市
晋中,山西省,晋中市,[]
晋州,河北省,石家庄市,晋州市
劲松,内蒙古自治区,呼伦贝尔市,扎兰屯市
荆门,湖北省,荆门市,[]
荆州,湖北省,荆州市,[]
京山,湖北省,荆门市,京山县
精河南,新疆维吾尔自治区,博尔塔拉蒙古自治州,精河县
经棚,内蒙古自治区,赤峰市,克什克腾旗
井店,安徽省,阜阳市,阜南县
井冈山,江西省,吉安市,青原区
井南,江苏省,盐城市,亭湖区
井陉,河北省,石家庄市,井陉县
景德镇,江西省,景德镇市,[]
景德镇北,江西省,景德镇市,[]
景泰,甘肃省,白银市,景泰县
景州,河北省,衡水市,景县
静海,天津市,天津市,静海区
敬梓场,四川省,宜宾市,翠屏区
镜铁山,湖北省,黄石市,铁山区
靖边,陕西省,榆林市,靖边县
靖西,广西壮族自治区,百色市,靖西市
靖远,甘肃省,白银市,靖远县
靖远西,甘肃省,白银市,靖远县
靖州,湖南省,怀化市,靖州苗族侗族自治县
九江,江西省,九江市,[]
九郎山,浙江省,台州市,仙居县
九三,江苏省,盐城市,东台市
九台,吉林省,长春市,九台区
九台南,吉林省,长春市,九台区
九营,河北省,张家口市,怀来县
酒泉,甘肃省,酒泉市,[]
酒泉南,甘肃省,酒泉市,[]
巨野,山东省,菏泽市,巨野县
句容西,江苏省,镇江市,句容市
峻德,黑龙江省,鹤岗市,东山区
喀喇其,内蒙古自治区,呼伦贝尔市,牙克石市
喀什,新疆维吾尔自治区,喀什地区,[]
喀左,辽宁省,朝阳市,喀喇沁左翼蒙古族自治县
卡伦,黑龙江省,哈尔滨市,依兰县
开安,吉林省,长春市,农安县
开封,河南省,开封市,[]
开封北,河南省,开封市,[]
开福寺,湖南省,长沙市,开福区
开化,浙江省,衢州市,开化县
开江,四川省,达州市,开江县
开鲁,内蒙古自治区,通辽市,开鲁县
开平南,广东省,江门市,开平市
开阳,贵州省,贵阳市,开阳县
开原,辽宁省,铁岭市,开原市
开原西,辽宁省,铁岭市,开原市
凯里,贵州省,黔东南苗族侗族自治州,凯里市
凯里南,贵州省,黔东南苗族侗族自治州,凯里市
康城,山东省,烟台市,龙口市
康金井,黑龙江省,哈尔滨市,呼兰区
康庄,山东省,潍坊市,高密市
柯柯,青海省,海西蒙古族藏族自治州,乌兰县
克东,黑龙江省,齐齐哈尔市,龙沙区
克拉玛依,新疆维吾尔自治区,克拉玛依市,[]
克山,黑龙江省,齐齐哈尔市,克山县
克一河,内蒙古自治区,呼伦贝尔市,鄂伦春自治旗
孔家沟,陕西省,商洛市,丹凤县
孔垄,湖北省,黄冈市,黄梅县
孔滩,宁夏回族自治区,中卫市,中宁县
口前,黑龙江省,哈尔滨市,呼兰区
库车,新疆维吾尔自治区,阿克苏地区,库车县
库都尔,新疆维吾尔自治区,伊犁哈萨克自治州,昭苏县
库尔勒,新疆维吾尔自治区,巴音郭楞蒙古自治州,库尔勒市
库伦,内蒙古自治区,乌兰察布市,察哈尔右翼中旗
宽甸,辽宁省,丹东市,宽甸满族自治县
葵潭,广东省,揭阳市,惠来县
奎山,黑龙江省,牡丹江市,林口县
奎屯,新疆维吾尔自治区,伊犁哈萨克自治州,奎屯市
昆都仑召,内蒙古自治区,包头市,固阳县
昆明,云南省,昆明市,[]
昆明南,云南省,昆明市,[]
昆山,江苏省,苏州市,昆山市
昆山南,江苏省,苏州市,昆山市
昆玉,海南省,[],临高县
拉白,四川省,凉山彝族自治州,冕宁县
拉古,辽宁省,鞍山市,海城市
拉哈,黑龙江省,大庆市,肇源县
拉林,内蒙古自治区,呼伦贝尔市,额尔古纳市
拉萨,西藏自治区,拉萨市,[]
拉鲊,四川省,攀枝花市,仁和区
喇嘛山,辽宁省,朝阳市,建平县
莱芜东,山东省,莱芜市,[]
莱西,山东省,青岛市,莱西市
莱阳,山东省,烟台市,莱阳市
来宾,广西壮族自治区,来宾市,[]
来宾北,广西壮族自治区,来宾市,[]
来凤,湖北省,恩施土家族苗族自治州,来凤县
蓝村,广东省,清远市,清新区
兰岗,黑龙江省,牡丹江市,宁安市
兰家屯,黑龙江省,哈尔滨市,松北区
兰考,河南省,开封市,兰考县
兰考南,河南省,开封市,兰考县
兰棱,黑龙江省,哈尔滨市,[]
兰陵北,山东省,临沂市,兰陵县
兰岭,黑龙江省,鸡西市,滴道区
兰溪,浙江省,金华市,兰溪市
兰州,甘肃省,兰州市,[]
兰州东,甘肃省,兰州市,[]
兰州西,甘肃省,兰州市,[]
兰州新区,甘肃省,兰州市,永登县
滥坝,贵州省,六盘水市,水城县
狼尾山,山东省,泰安市,东平县
廊坊,河北省,廊坊市,[]
廊坊北,河北省,廊坊市,[]
朗乡,黑龙江省,伊春市,铁力市
老边,辽宁省,营口市,老边区
老府,内蒙古自治区,赤峰市,松山区
老莱,黑龙江省,齐齐哈尔市,讷河市
老岭,吉林省,延边朝鲜族自治州,和龙市
老羊壕,内蒙古自治区,包头市,固阳县
老爷岭,陕西省,宝鸡市,陇县
老营,黑龙江省,哈尔滨市,阿城区
乐昌,广东省,韶关市,乐昌市
乐昌东,广东省,韶关市,乐昌市
乐东,海南省,[],[]
乐都,青海省,海东市,乐都区
乐平市,江西省,景德镇市,乐平市
乐清,浙江省,温州市,乐清市
乐山,四川省,乐山市,[]
乐善村,上海市,上海市,奉贤区
乐武,四川省,凉山彝族自治州,喜德县
乐跃,四川省,凉山彝族自治州,德昌县
雷州,广东省,湛江市,雷州市
冷水江东,湖南省,娄底市,冷水江市
梨树镇,吉林省,四平市,梨树县
黎城,山西省,长治市,黎城县
黎塘,广西壮族自治区,贺州市,钟山县
离堆公园,四川省,成都市,都江堰市
李家,江西省,宜春市,丰城市
李家坪,福建省,三明市,泰宁县
李石寨,辽宁省,抚顺市,望花区
李市镇,四川省,内江市,隆昌县
李旺,山东省,济南市,济阳县
李子沟,云南省,昆明市,宜良县
里木店,黑龙江省,绥化市,肇东市
礼泉,陕西省,咸阳市,礼泉县
丽江,云南省,丽江市,[]
丽水,浙江省,丽水市,[]
厉家寨,山东省,临沂市,莒南县
励家,辽宁省,锦州市,黑山县
利川,湖北省,恩施土家族苗族自治州,利川市
利津南,山东省,东营市,利津县
立志,黑龙江省,大庆市,大同区
沥林北,广东省,惠州市,惠城区
联合乡,重庆市,重庆市,涪陵区
连江,福建省,福州市,连江县
连云,江苏省,连云港市,连云区
连云港,江苏省,连云港市,[]
连云港东,江苏省,连云港市,[]
廉江,广东省,湛江市,廉江市
涟水,江苏省,淮安市,涟水县
涟源,湖南省,娄底市,涟源市
凉红,四川省,凉山彝族自治州,甘洛县
凉水井,广西壮族自治区,桂林市,象山区
梁底下,内蒙古自治区,赤峰市,敖汉旗
梁平,重庆市,重庆市,梁平区
梁平南,重庆市,重庆市,梁平区
梁山,山东省,济宁市,梁山县
良各庄,北京市,北京市,昌平区
两当,甘肃省,陇南市,两当县
两家,吉林省,长春市,榆树市
聊城,山东省,聊城市,[]
辽阳,辽宁省,辽阳市,[]
辽源,吉林省,辽源市,[]
辽中,辽宁省,沈阳市,辽中区
林东,内蒙古自治区,赤峰市,巴林左旗
林海,黑龙江省,大兴安岭地区,加格达奇区
林口,黑龙江省,牡丹江市,林口县
林盛堡,辽宁省,沈阳市,苏家屯区
林西,内蒙古自治区,赤峰市,林西县
林源,黑龙江省,伊春市,美溪区
林子头,吉林省,通化市,集安市
临城,河北省,邢台市,临城县
临汾,山西省,临汾市,[]
临汾西,山西省,临汾市,[]
临高南,海南省,[],临高县
临海,浙江省,台州市,临海市
临河,内蒙古自治区,巴彦淖尔市,临河区
临江,吉林省,白山市,临江市
临江场,吉林省,白山市,临江市
临清,山东省,聊城市,临清市
临泉,安徽省,阜阳市,临泉县
临湘,湖南省,岳阳市,临湘市
临沂,山东省,临沂市,[]
临沂北,山东省,临沂市,[]
临沂东,山东省,临沂市,[]
临邑,山东省,德州市,临邑县
临泽,甘肃省,张掖市,临泽县
临泽南,甘肃省,张掖市,临泽县
临淄北,山东省,淄博市,临淄区
临澧,湖南省,常德市,临澧县
临颍,河南省,漯河市,临颍县
零陵,湖南省,永州市,零陵区
凌海,辽宁省,锦州市,凌海市
凌源,辽宁省,朝阳市,凌源市
凌源东,辽宁省,朝阳市,凌源市
灵宝,河南省,三门峡市,灵宝市
灵宝西,河南省,三门峡市,灵宝市
灵丘,山西省,大同市,灵丘县
灵石,山西省,晋中市,灵石县
灵石东,山西省,晋中市,灵石县
灵武,宁夏回族自治区,银川市,灵武市
灵武北,宁夏回族自治区,银川市,灵武市
灵璧,安徽省,宿州市,灵璧县
陵城,山东省,德州市,陵城区
陵水,海南省,[],[]
岭北,湖南省,岳阳市,汨罗市
岭南,广西壮族自治区,来宾市,合山市
刘沟,四川省,成都市,邛崃市
刘家河,浙江省,宁波市,镇海区
刘征,山东省,淄博市,临淄区
流水沟,河北省,承德市,双桥区
柳沟,四川省,广元市,剑阁县
柳河,吉林省,通化市,梅河口市
柳家庄,辽宁省,大连市,庄河市
柳林南,山西省,吕梁市,柳林县
柳毛,黑龙江省,鸡西市,密山市
柳毛沟,内蒙古自治区,呼伦贝尔市,阿荣旗
柳树,四川省,遂宁市,射洪县
柳树泉,新疆维吾尔自治区,昌吉回族自治州,奇台县
柳树屯,黑龙江省,牡丹江市,穆棱市
柳园,浙江省,金华市,东阳市
柳园南,甘肃省,酒泉市,瓜州县
柳州,广西壮族自治区,柳州市,[]
六安,安徽省,六安市,[]
六道河,吉林省,吉林市,蛟河市
六道河子,吉林省,延边朝鲜族自治州,敦化市
六个鸡,贵州省,黔东南苗族侗族自治州,凯里市
六盘水,贵州省,六盘水市,[]
六枝,贵州省,六盘水市,六枝特区
龙池,四川省,乐山市,峨眉山市
龙川,广东省,河源市,龙川县
龙船,陕西省,安康市,宁陕县
龙洞堡,贵州省,贵阳市,南明区
龙丰,广东省,惠州市,惠城区
龙沟,河北省,秦皇岛市,青龙满族自治县
龙嘉,吉林省,长春市,二道区
龙江,黑龙江省,齐齐哈尔市,讷河市
龙井,吉林省,延边朝鲜族自治州,龙井市
龙口市,山东省,烟台市,龙口市
龙里北,贵州省,黔南布依族苗族自治州,龙里县
龙南,江西省,赣州市,龙南县
龙桥,安徽省,合肥市,庐江县
龙山北,湖南省,湘西土家族苗族自治州,龙山县
龙市,广东省,汕头市,龙湖区
龙岩,福建省,龙岩市,[]
龙游,浙江省,衢州市,龙游县
龙镇,重庆市,重庆市,梁平县
龙爪沟,黑龙江省,哈尔滨市,尚志市
隆昌,四川省,内江市,隆昌市
隆昌北,四川省,内江市,隆昌市
隆化,河北省,承德市,隆化县
隆回,湖南省,邵阳市,隆回县
陇南,甘肃省,陇南市,[]
陇西,甘肃省,定西市,陇西县
陇县,陕西省,宝鸡市,陇县
娄底,湖南省,娄底市,[]
娄底南,湖南省,娄底市,[]
娄烦,山西省,太原市,娄烦县
娄山关,贵州省,遵义市,汇川区
娄山关南,山东省,青岛市,李沧区
芦沟,辽宁省,铁岭市,铁岭县
芦家村,北京市,北京市,密云县
芦家庄,山东省,青岛市,莱西市
芦庙,河南省,周口市,郸城县
芦台,天津市,天津市,宁河县
卢龙,河北省,秦皇岛市,卢龙县
庐江,安徽省,合肥市,庐江县
庐山,江西省,九江市,修水县
鲁番,贵州省,六盘水市,盘县
鲁河,黑龙江省,齐齐哈尔市,龙江县
鲁山,河南省,平顶山市,鲁山县
露水河,吉林省,白山市,抚松县
路口铺,湖南省,岳阳市,云溪区
鹿寨,广西壮族自治区,柳州市,鹿寨县
鹿寨北,广西壮族自治区,柳州市,鹿寨县
潞城,山西省,长治市,潞城市
禄丰南,云南省,楚雄彝族自治州,禄丰县
陆川,广西壮族自治区,玉林市,陆川县
陆丰,广东省,汕尾市,陆丰市
陆良,云南省,曲靖市,陆良县
吕梁,山西省,吕梁市,[]
绿博园,河南省,郑州市,中牟县
绿化,吉林省,白城市,通榆县
绿潭,黑龙江省,伊春市,南岔区
滦河,河北省,承德市,双滦区
滦河沿,河北省,承德市,滦平县
滦平,河北省,承德市,滦平县
滦县,河北省,唐山市,滦县
略阳,陕西省,汉中市,略阳县
轮台,新疆维吾尔自治区,巴音郭楞蒙古自治州,轮台县
罗城,广西壮族自治区,河池市,罗城仫佬族自治县
罗江东,四川省,德阳市,罗江区
罗平,云南省,曲靖市,罗平县
罗山,河南省,信阳市,罗山县
罗源,福建省,福州市,罗源县
洛门,甘肃省,天水市,武山县
洛湾三江,广西壮族自治区,柳州市,三江侗族自治县
洛阳,河南省,洛阳市,[]
洛阳东,河南省,洛阳市,[]
洛阳龙门,河南省,洛阳市,洛龙区
洛碛,重庆市,重庆市,渝北区
麻城,湖北省,黄冈市,麻城市
麻城北,湖北省,黄冈市,麻城市
麻柳,重庆市,重庆市,江津区
麻山,黑龙江省,鸡西市,麻山区
麻尾,湖南省,岳阳市,平江县
麻阳,湖南省,怀化市,麻阳苗族自治县
玛纳斯,新疆维吾尔自治区,昌吉回族自治州,玛纳斯县
马鞍山,安徽省,马鞍山市,[]
马鞍山东,安徽省,马鞍山市,[]
马盖图,内蒙古自治区,乌兰察布市,卓资县
马兰,新疆维吾尔自治区,巴音郭楞蒙古自治州,和硕县
马莲河,甘肃省,庆阳市,宁县
马林,山东省,聊城市,莘县
马龙,云南省,曲靖市,宣威市
马三家,辽宁省,鞍山市,海城市
马踏,湖北省,黄冈市,蕲春县
满归,内蒙古自治区,呼伦贝尔市,根河市
满洲里,内蒙古自治区,呼伦贝尔市,满洲里市
漫流河,河南省,平顶山市,新华区
忙罕屯,内蒙古自治区,兴安盟,科尔沁右翼前旗
茅草坪,贵州省,遵义市,习水县
毛坝,陕西省,安康市,紫阳县
毛坝关,陕西省,安康市,紫阳县
茂林,四川省,巴中市,巴州区
茂名,广东省,茂名市,[]
茂名西,广东省,茂名市,[]
茂舍祖,云南省,昆明市,石林彝族自治县
帽儿山,内蒙古自治区,乌兰察布市,凉城县
梅河口,吉林省,通化市,梅河口市
梅江,广东省,梅州市,梅江区
梅州,广东省,梅州市,[]
梅州西,广东省,梅州市,[]
煤田,内蒙古自治区,呼伦贝尔市,牙克石市
眉山,四川省,眉山市,[]
眉山东,四川省,眉山市,[]
美兰,海南省,海口市,美兰区
美溪,黑龙江省,伊春市,美溪区
美岱召,内蒙古自治区,包头市,土默特右旗
门达,内蒙古自治区,通辽市,科尔沁左翼中旗
门源,青海省,海北藏族自治州,门源回族自治县
蒙渡,四川省,成都市,崇州市
蒙山,广西壮族自治区,梧州市,蒙山县
蒙自,云南省,红河哈尼族彝族自治州,蒙自市
猛洞河,湖南省,湘西土家族苗族自治州,龙山县
孟家岗,黑龙江省,佳木斯市,富锦市
弥勒,云南省,红河哈尼族彝族自治州,弥勒市
米沙子,吉林省,长春市,宽城区
米易,四川省,攀枝花市,米易县
米脂,陕西省,榆林市,米脂县
密山,黑龙江省,鸡西市,密山市
密山西,黑龙江省,鸡西市,密山市
密云北,北京市,北京市,密云区
绵阳,四川省,绵阳市,[]
冕宁,四川省,凉山彝族自治州,冕宁县
冕山,江西省,吉安市,永丰县
免渡河,内蒙古自治区,呼伦贝尔市,牙克石市
庙城,北京市,北京市,怀柔区
庙宫,河南省,焦作市,武陟县
庙山,湖北省,武汉市,江夏区
庙阳,陕西省,延安市,富县
庙庄,甘肃省,庆阳市,华池县
民福寺,重庆市,重庆市,江津区
民乐,甘肃省,张掖市,民乐县
民权,河南省,商丘市,民权县
民权北,河南省,商丘市,民权县
民族,内蒙古自治区,呼伦贝尔市,莫力达瓦达斡尔族自治旗
闽清北,福建省,福州市,闽清县
明安,吉林省,松原市,扶余市
明城,山西省,太原市,小店区
明港东,河南省,信阳市,平桥区
明光,安徽省,滁州市,明光市
明珠,吉林省,长春市,南关区
名山,四川省,雅安市,名山区
磨刀石,四川省,巴中市,通江县
莫尔道嘎,内蒙古自治区,呼伦贝尔市,额尔古纳市
墨玉,新疆维吾尔自治区,和田地区,墨玉县
漠河,黑龙江省,大兴安岭地区,漠河县
牟平,山东省,烟台市,牟平区
牡丹江,黑龙江省,牡丹江市,[]
暮云,湖南省,长沙市,长沙县
木头营子,黑龙江省,齐齐哈尔市,泰来县
木竹河,陕西省,汉中市,镇巴县
牧原,内蒙古自治区,呼伦贝尔市,牙克石市
穆棱,黑龙江省,牡丹江市,穆棱市
那曲,西藏自治区,那曲地区,[]
纳雍,贵州省,毕节市,纳雍县
乃林,内蒙古自治区,赤峰市,喀喇沁旗
奈林皋,辽宁省,朝阳市,朝阳县
奈曼,内蒙古自治区,通辽市,奈曼旗
南峧,山西省,长治市,黎城县
南博山,山东省,淄博市,博山区
南部,四川省,南充市,南部县
南岔,黑龙江省,伊春市,南岔区
南昌,江西省,南昌市,[]
南昌西,江西省,南昌市,[]
南陈铺,山西省,晋城市,高平市
南城,江西省,抚州市,南城县
南充,四川省,南充市,[]
南充北,四川省,南充市,[]
南仇,江苏省,泰州市,兴化市
南大庙,河北省,承德市,滦平县
南丹,广西壮族自治区,河池市,南丹县
南尔岗,四川省,凉山彝族自治州,甘洛县
南芬,辽宁省,本溪市,南芬区
南芬北,辽宁省,本溪市,南芬区
南观村,河北省,唐山市,迁西县
南河川,甘肃省,定西市,安定区
南湖东,浙江省,嘉兴市,南湖区
南华,云南省,楚雄彝族自治州,南华县
南江,四川省,巴中市,南江县
南京,江苏省,南京市,[]
南京南,江苏省,南京市,[]
南靖,福建省,漳州市,南靖县
南口,湖北省,荆州市,石首市
南朗,云南省,德宏傣族景颇族自治州,盈江县
南陵,安徽省,芜湖市,南陵县
南木,内蒙古自治区,呼伦贝尔市,扎兰屯市
南宁,广西壮族自治区,南宁市,[]
南宁东,广西壮族自治区,南宁市,[]
南宁西,广西壮族自治区,南宁市,[]
南平市,福建省,南平市,[]
南桥,福建省,南平市,建瓯市
南汤,辽宁省,葫芦岛市,建昌县
南通,江苏省,南通市,[]
南头,广东省,深圳市,南山区
南洼,辽宁省,朝阳市,凌源市
南湾子,内蒙古自治区,通辽市,扎鲁特旗
南翔北,上海市,上海市,嘉定区
南雄,广东省,韶关市,南雄市
南阳,河南省,南阳市,[]
南阳东,河南省,南阳市,[]
南峪,北京市,北京市,密云县
南杂木,辽宁省,抚顺市,新宾满族自治县
南张村,浙江省,嘉兴市,海宁市
南召,河南省,南阳市,南召县
闹海营,河北省,承德市,隆化县
内江,四川省,内江市,[]
内江北,四川省,内江市,[]
内江南,四川省,内江市,[]
内乡,河南省,南阳市,内乡县
嫩江,黑龙江省,黑河市,嫩江县
泥溪,安徽省,池州市,东至县
尼波,四川省,凉山彝族自治州,喜德县
尼勒克,新疆维吾尔自治区,伊犁哈萨克自治州,尼勒克县
尼木,西藏自治区,拉萨市,尼木县
尼日,西藏自治区,那曲地区,申扎县
碾子山,黑龙江省,齐齐哈尔市,碾子山区
娘子关,山西省,阳泉市,平定县
聂河,甘肃省,天水市,武山县
宁安,黑龙江省,牡丹江市,宁安市
宁波,浙江省,宁波市,[]
宁德,福建省,宁德市,[]
宁东,黑龙江省,牡丹江市,宁安市
宁东南,宁夏回族自治区,银川市,灵武市
宁国,安徽省,宣城市,宁国市
宁海,浙江省,宁波市,宁海县
宁陵县,河南省,商丘市,宁陵县
宁明,广西壮族自治区,崇左市,宁明县
宁强南,陕西省,汉中市,宁强县
宁武,山西省,忻州市,宁武县
宁乡,湖南省,长沙市,芙蓉区
牛车河,河南省,信阳市,新县
牛河梁,河北省,廊坊市,固安县
牛家,吉林省,吉林市,龙潭区
牛家营子,内蒙古自治区,锡林郭勒盟,太仆寺旗
牛庄,河南省,驻马店市,泌阳县
农安,吉林省,长春市,农安县
女儿河,辽宁省,锦州市,太和区
暖泉,内蒙古自治区,呼伦贝尔市,扎兰屯市
欧里,福建省,龙岩市,[]
徘徊北,河北省,邯郸市,武安市
攀枝花,四川省,攀枝花市,[]
攀枝花南,四川省,攀枝花市,[]
潘家店,黑龙江省,鸡西市,密山市
盘古,湖南省,怀化市,沅陵县
盘关,贵州省,六盘水市,盘县
盘锦,辽宁省,盘锦市,[]
盘锦北,辽宁省,盘锦市,[]
盘州,陕西省,咸阳市,乾县
磐石,吉林省,吉林市,磐石市
泡子,辽宁省,阜新市,阜新蒙古族自治县
裴德,黑龙江省,鸡西市,密山市
彭山,四川省,眉山市,彭山区
彭山北,四川省,眉山市,彭山区
彭水,重庆市,重庆市,彭水苗族土家族自治县
彭阳,宁夏回族自治区,固原市,彭阳县
彭泽,江西省,九江市,彭泽县
彭州,四川省,成都市,彭州市
彭州南,四川省,成都市,彭州市
蓬安,四川省,南充市,蓬安县
蓬莱市,山东省,烟台市,蓬莱市
蓬溪,四川省,遂宁市,蓬溪县
皮口,辽宁省,大连市,普兰店市
皮山,新疆维吾尔自治区,和田地区,皮山县
偏店,河北省,邯郸市,涉县
偏岭,辽宁省,营口市,盖州市
偏岭镇,辽宁省,鞍山市,岫岩满族自治县
坪石,江西省,宜春市,万载县
萍乡,江西省,萍乡市,[]
萍乡北,江西省,萍乡市,[]
平安驿,青海省,海东市,平安区
平坝南,贵州省,安顺市,紫云苗族布依族自治县
平昌,四川省,巴中市,平昌县
平等,陕西省,西安市,灞桥区
平顶山,河南省,平顶山市,[]
平顶山西,河南省,平顶山市,[]
平度,山东省,青岛市,平度市
平房,黑龙江省,哈尔滨市,平房区
平关,贵州省,黔东南苗族侗族自治州,三穗县
平果,广西壮族自治区,百色市,平果县
平湖,浙江省,嘉兴市,平湖市
平凉,甘肃省,平凉市,[]
平凉南,甘肃省,平凉市,[]
平罗,宁夏回族自治区,石嘴山市,平罗县
平南南,广西壮族自治区,贵港市,平南县
平泉,河北省,承德市,双桥区
平泉北,河北省,承德市,双桥区
平山,河北省,石家庄市,平山县
平社,广西壮族自治区,河池市,环江毛南族自治县
平台,湖北省,荆门市,钟祥市
平田,江苏省,南通市,如皋市
平旺,山西省,大同市,矿区
平型关,山西省,忻州市,繁峙县
平洋,黑龙江省,齐齐哈尔市,泰来县
平阳,浙江省,温州市,平阳县
平遥,山西省,晋中市,平遥县
平遥古城,山西省,晋中市,平遥县
平邑,山东省,临沂市,平邑县
平峪,北京市,北京市,房山区
平原,山东省,德州市,平原县
平原东,山东省,德州市,平原县
平庄北,内蒙古自治区,赤峰市,元宝山区
平庄南,内蒙古自治区,赤峰市,喀喇沁旗
凭祥,广西壮族自治区,崇左市,凭祥市
屏边,云南省,红河哈尼族彝族自治州,屏边苗族自治县
屏山,四川省,宜宾市,屏山县
坡底下,河北省,张家口市,赤城县
莆田,福建省,莆田市,[]
蒲坝,四川省,雅安市,名山区
蒲城,陕西省,渭南市,蒲城县
蒲城东,陕西省,渭南市,蒲城县
普安,贵州省,黔西南布依族苗族自治州,普安县
普安县,贵州省,黔西南布依族苗族自治州,普安县
普定,贵州省,安顺市,普定县
普兰店,辽宁省,大连市,普兰店区
普宁,广东省,揭阳市,普宁市
普湾,陕西省,延安市,富县
普雄,西藏自治区,[],[]
普者黑,云南省,文山壮族苗族自治州,丘北县
戚墅堰,江苏省,常州市,[]
七甸,云南省,昆明市,呈贡区
七龙星,重庆市,重庆市,江津区
七泉湖,新疆维吾尔自治区,吐鲁番市,高昌区
七苏木,内蒙古自治区,乌兰察布市,卓资县
七台河,黑龙江省,七台河市,[]
七营,宁夏回族自治区,中卫市,海原县
棋盘,安徽省,宣城市,宣州区
棋子湾,山东省,青岛市,黄岛区
奇峰塔,河北省,保定市,易县
齐哈日格图,内蒙古自治区,锡林郭勒盟,二连浩特市
齐河,山东省,德州市,齐河县
齐齐哈尔,黑龙江省,齐齐哈尔市,[]
齐齐哈尔南,黑龙江省,齐齐哈尔市,[]
旗下营,内蒙古自治区,呼和浩特市,土默特左旗
旗下营南,内蒙古自治区,乌兰察布市,卓资县
祁东,湖南省,衡阳市,祁东县
祁家堡,辽宁省,本溪市,本溪满族自治县
祁门,安徽省,黄山市,祁门县
祁县,山西省,晋中市,祁县
祁县东,山西省,晋中市,祁县
祁阳,湖南省,永州市,祁阳县
启东,江苏省,南通市,启东市
千岛湖,浙江省,杭州市,淳安县
千河,陕西省,宝鸡市,麟游县
千阳,陕西省,宝鸡市,千阳县
迁安,河北省,唐山市,迁安市
乾安,吉林省,松原市,乾安县
乾县,陕西省,咸阳市,乾县
黔江,重庆市,重庆市,黔江区
钱家店,江苏省,南通市,海安县
钱清,浙江省,绍兴市,[]
前锋,四川省,广安市,前锋区
前进镇,黑龙江省,佳木斯市,同江市
前山,浙江省,舟山市,定海区
前苇塘,河北省,承德市,兴隆县
前窑,吉林省,吉林市,龙潭区
潜江,湖北省,[],[]
桥北,辽宁省,本溪市,平山区
桥头,浙江省,绍兴市,新昌县
桥湾,山东省,泰安市,岱岳区
乔庄东,山东省,滨州市,博兴县
茄子溪,重庆市,重庆市,大渡口区
钦州东,广西壮族自治区,钦州市,[]
秦安,甘肃省,天水市,秦安县
秦皇岛,河北省,秦皇岛市,[]
秦家,广东省,惠州市,惠东县
秦家庄,江苏省,常州市,金坛区
秦岭,陕西省,咸阳市,兴平市
沁县,山西省,长治市,沁县
青白江东,四川省,成都市,新都区
青城山,四川省,成都市,都江堰市
青川,四川省,广元市,利州区
青岛,山东省,青岛市,[]
青岛北,山东省,青岛市,[]
青岛西,山东省,青岛市,[]
青堆,山西省,吕梁市,汾阳市
青沟子,吉林省,通化市,二道江区
青莲,四川省,绵阳市,江油市
青龙,河北省,秦皇岛市,青龙满族自治县
青山,湖北省,武汉市,青山区
青神,四川省,眉山市,青神县
青水山,黑龙江省,绥化市,绥棱县
青田,浙江省,丽水市,青田县
青铜峡,宁夏回族自治区,吴忠市,青铜峡市
青溪,四川省,广元市,青川县
青县,河北省,沧州市,青县
青州市,山东省,潍坊市,青州市
青州市北,山东省,潍坊市,青州市
清河城,河北省,邢台市,清河县
清河门北,辽宁省,阜新市,细河区
清涧县,陕西省,榆林市,清涧县
清水县,甘肃省,天水市,清水县
清徐,山西省,太原市,清徐县
清原,辽宁省,抚顺市,清原满族自治县
清远,广东省,清远市,[]
清镇西,贵州省,贵阳市,清镇市
庆安,黑龙江省,绥化市,庆安县
庆盛,广东省,广州市,南沙区
琼海,海南省,[],[]
曲阜,山东省,济宁市,曲阜市
曲阜东,山东省,济宁市,曲阜市
曲家店,黑龙江省,齐齐哈尔市,拜泉县
曲靖,云南省,曲靖市,[]
曲靖北,云南省,曲靖市,[]
曲水县,西藏自治区,拉萨市,曲水县
渠旧,广西壮族自治区,崇左市,扶绥县
渠县,四川省,达州市,渠县
泉阳,吉林省,白山市,抚松县
泉州,福建省,泉州市,[]
全椒,安徽省,滁州市,全椒县
全州南,广西壮族自治区,桂林市,全州县
确山,河南省,驻马店市,确山县
饶平,广东省,潮州市,饶平县
饶阳,河北省,衡水市,饶阳县
绕阳河,辽宁省,锦州市,黑山县
热水,辽宁省,朝阳市,凌源市
仁布,西藏自治区,日喀则市,仁布县
任家店,湖北省,武汉市,东西湖区
任丘,河北省,沧州市,任丘市
日喀则,西藏自治区,日喀则市,[]
日照,山东省,日照市,[]
日照西,山东省,日照市,[]
荣昌,重庆市,重庆市,荣昌区
荣昌北,重庆市,重庆市,荣昌区
荣成,山东省,威海市,荣成市
融安,广西壮族自治区,柳州市,融安县
融水,广西壮族自治区,柳州市,融水苗族自治县
容桂,广东省,佛山市,顺德区
容县,广西壮族自治区,玉林市,容县
如东,江苏省,南通市,如东县
如皋,江苏省,南通市,如皋市
乳山,山东省,威海市,乳山市
汝箕沟,宁夏回族自治区,石嘴山市,平罗县
汝州,河南省,平顶山市,汝州市
瑞安,浙江省,温州市,瑞安市
瑞昌,江西省,九江市,瑞昌市
瑞昌西,江西省,九江市,瑞昌市
瑞金,江西省,赣州市,瑞金市
萨拉齐,内蒙古自治区,包头市,土默特右旗
赛汗塔拉,内蒙古自治区,兴安盟,扎赉特旗
三把火,内蒙古自治区,赤峰市,松山区
三道营,河北省,张家口市,赤城县
三都县,贵州省,黔南布依族苗族自治州,三都水族自治县
三关口,甘肃省,庆阳市,正宁县
三合庄,北京市,北京市,大兴区
三河县,河北省,廊坊市,三河市
三花石,陕西省,汉中市,西乡县
三汇镇,四川省,巴中市,恩阳区
三家店,广东省,深圳市,盐田区
三家寨,四川省,遂宁市,大英县
三家子,内蒙古自治区,通辽市,库伦旗
三间房,辽宁省,抚顺市,清原满族自治县
三江,广西壮族自治区,柳州市,三江侗族自治县
三江南,广西壮族自治区,柳州市,三江侗族自治县
三江县,广西壮族自治区,柳州市,三江侗族自治县
三门峡,河南省,三门峡市,[]
三门峡南,河南省,三门峡市,[]
三门峡西,河南省,三门峡市,[]
三门县,浙江省,台州市,三门县
三明,福建省,三明市,[]
三明北,福建省,三明市,[]
三十家,天津市,天津市,宝坻区
三水,广东省,佛山市,三水区
三水北,广东省,佛山市,三水区
三水南,广东省,佛山市,三水区
三穗,贵州省,黔东南苗族侗族自治州,三穗县
三亚,海南省,三亚市,[]
三阳,湖南省,岳阳市,平江县
三阳川,甘肃省,天水市,麦积区
三义井,吉林省,松原市,前郭尔罗斯蒙古族自治县
三营,黑龙江省,佳木斯市,富锦市
三原,陕西省,咸阳市,三原县
三源浦,吉林省,通化市,柳河县
桑根达来,内蒙古自治区,包头市,达尔罕茂明安联合旗
莎车,新疆维吾尔自治区,喀什地区,莎车县
沙城,甘肃省,武威市,凉州区
沙海,辽宁省,阜新市,细河区
沙河市,河北省,邢台市,沙河市
沙井西,广东省,珠海市,香洲区
沙岭,湖北省,[],天门市
沙马拉达,四川省,凉山彝族自治州,喜德县
沙坪坝,重庆市,重庆市,沙坪坝区
沙坡头,宁夏回族自治区,中卫市,沙坡头区
沙沙坡,贵州省,贵阳市,乌当区
沙湾,新疆维吾尔自治区,塔城地区,沙湾县
沙湾县,新疆维吾尔自治区,塔城地区,沙湾县
沙园,广东省,广州市,海珠区
沙坨子,内蒙古自治区,呼伦贝尔市,新巴尔虎左旗
沙沱,河南省,三门峡市,渑池县
山丹,甘肃省,张掖市,山丹县
山海关,河北省,秦皇岛市,山海关区
山河屯,内蒙古自治区,呼伦贝尔市,鄂伦春自治旗
山坡东,湖北省,武汉市,江夏区
山市,浙江省,台州市,温岭市
山湾子,吉林省,长春市,榆树市
山阴,山西省,朔州市,山阴县
汕头,广东省,汕头市,[]
汕尾,广东省,汕尾市,[]
商城,河南省,信阳市,商城县
商都,内蒙古自治区,乌兰察布市,商都县
商河,山东省,济南市,商河县
商洛,陕西省,商洛市,[]
商南,陕西省,商洛市,商南县
商丘,河南省,商丘市,[]
商丘东,河南省,商丘市,[]
商丘南,河南省,商丘市,[]
上安,河北省,张家口市,涿鹿县
上板城,河北省,承德市,宽城满族自治县
上板城南,河北省,承德市,承德县
上仓,河北省,张家口市,赤城县
上谷,河北省,承德市,承德县
上海,上海市,上海市,[]
上海虹桥,上海市,上海市,闵行区
上海南,上海市,上海市,[]
上海西,上海市,上海市,[]
上普雄,四川省,凉山彝族自治州,越西县
上饶,江西省,上饶市,[]
上万,山东省,临沂市,蒙阴县
上西铺,河北省,保定市,涞水县
上腰墩,甘肃省,武威市,凉州区
上虞,浙江省,绍兴市,上虞区
尚家,江西省,南昌市,南昌县
尚志,黑龙江省,哈尔滨市,道里区
尚志南,黑龙江省,哈尔滨市,道里区
韶关,广东省,韶关市,[]
韶关东,广东省,韶关市,[]
韶山南,湖南省,湘潭市,韶山市
邵家堂,上海市,上海市,奉贤区
邵武,福建省,南平市,邵武市
邵阳,湖南省,邵阳市,[]
邵阳北,湖南省,邵阳市,[]
邵阳西,湖南省,邵阳市,[]
绍兴,浙江省,绍兴市,[]
绍兴北,浙江省,绍兴市,[]
绍兴东,浙江省,绍兴市,[]
舍伯吐,内蒙古自治区,通辽市,科尔沁左翼中旗
舍力虎,内蒙古自治区,通辽市,奈曼旗
射阳,江苏省,盐城市,射阳县
涉县,河北省,邯郸市,涉县
申家店,黑龙江省,佳木斯市,桦川县
深井子,吉林省,长春市,榆树市
深州,河北省,衡水市,深州市
深圳,广东省,深圳市,[]
深圳北,广东省,深圳市,[]
深圳东,广东省,深圳市,[]
深圳机场,广东省,深圳市,宝安区
深圳机场北,广东省,深圳市,宝安区
深圳坪山,广东省,深圳市,坪山区
深圳西,广东省,深圳市,[]
绅坊,浙江省,温州市,乐清市
神池,山西省,忻州市,神池县
神木,陕西省,榆林市,神木市
神树,黑龙江省,伊春市,铁力市
神头,河北省,邢台市,内丘县
神州,浙江省,金华市,永康市
沈家,上海市,上海市,松江区
沈家河,湖北省,黄冈市,罗田县
沈丘,河南省,周口市,沈丘县
沈丘北,河南省,周口市,沈丘县
沈阳,辽宁省,沈阳市,[]
沈阳北,辽宁省,沈阳市,[]
沈阳南,辽宁省,沈阳市,[]
升昌,海南省,三亚市,海棠区
胜芳,河北省,廊坊市,霸州市
胜利镇,黑龙江省,哈尔滨市,宾县
圣浪,黑龙江省,伊春市,铁力市
师庄,河南省,濮阳市,台前县
师宗,云南省,曲靖市,师宗县
狮山,广东省,广州市,黄埔区
狮山北,江苏省,苏州市,虎丘区
施秉,贵州省,黔东南苗族侗族自治州,施秉县
施家嘴,重庆市,重庆市,渝北区
十八台,内蒙古自治区,赤峰市,宁城县
十渡,北京市,北京市,房山区
十里坪,陕西省,商洛市,商南县
十堰,湖北省,十堰市,[]
十堰东,湖北省,十堰市,[]
石坝,山东省,济南市,章丘市
石场,山东省,日照市,五莲县
石长,广西壮族自治区,南宁市,横县
石城,江西省,赣州市,石城县
石河子,新疆维吾尔自治区,[],石河子市
石湖,吉林省,长春市,[]
石家庄,河北省,石家庄市,[]
石家庄北,河北省,石家庄市,[]
石家庄东,河北省,石家庄市,[]
石林,云南省,昆明市,西山区
石林南,云南省,昆明市,西山区
石林西,云南省,昆明市,西山区
石磷,黑龙江省,鸡西市,梨树区
石岭,广东省,湛江市,廉江市
石门县北,湖南省,常德市,石门县
石脑,江西省,上饶市,上饶县
石桥子,辽宁省,鞍山市,岫岩满族自治县
石泉县,陕西省,安康市,石泉县
石人,黑龙江省,哈尔滨市,五常市
石人城,黑龙江省,哈尔滨市,呼兰区
石梯,河北省,邢台市,内丘县
石头,新疆维吾尔自治区,伊犁哈萨克自治州,霍尔果斯市
石柱县,重庆市,重庆市,石柱土家族自治县
石嘴山,宁夏回族自治区,石嘴山市,[]
什里店,河北省,邯郸市,武安市
始兴,广东省,韶关市,始兴县
寿县,安徽省,淮南市,寿县
寿阳,山西省,晋中市,寿阳县
舒城,安徽省,六安市,舒城县
舒兰,吉林省,吉林市,舒兰市
蜀河,陕西省,安康市,旬阳县
树木岭,湖南省,长沙市,雨花区
双城堡,黑龙江省,哈尔滨市,双城区
双城北,黑龙江省,哈尔滨市,双城区
双丰,河北省,邯郸市,复兴区
双峰北,湖南省,娄底市,双峰县
双凤驿,重庆市,重庆市,渝北区
双河市,新疆维吾尔自治区,[],双河市
双吉,吉林省,吉林市,昌邑区
双辽,吉林省,四平市,双辽市
双流机场,四川省,成都市,双流区
双流西,四川省,成都市,双流区
双柳,湖北省,武汉市,新洲区
双牌,湖南省,永州市,双牌县
双石桥,重庆市,重庆市,梁平县
双水镇,广东省,江门市,新会区
双鸭山,黑龙江省,双鸭山市,[]
双洋,江苏省,盐城市,东台市
双阳,吉林省,长春市,双阳区
双子河,黑龙江省,伊春市,友好区
水地,黑龙江省,齐齐哈尔市,泰来县
水洞,吉林省,通化市,通化县
水富,云南省,昭通市,水富县
水花,云南省,保山市,隆阳区
水家湖,甘肃省,临夏回族自治州,东乡族自治县
水泉,河北省,秦皇岛市,山海关区
水洋,浙江省,台州市,临海市
水源,黑龙江省,双鸭山市,宝山区
顺昌,福建省,南平市,顺昌县
顺德,广东省,佛山市,顺德区
顺德学院,广东省,佛山市,顺德区
顺义,北京市,北京市,顺义区
朔州,山西省,朔州市,[]
司家岭,山东省,莱芜市,莱城区
四道湾,宁夏回族自治区,中卫市,海原县
四方台,黑龙江省,双鸭山市,四方台区
四分滩,内蒙古自治区,巴彦淖尔市,五原县
四合,重庆市,重庆市,沙坪坝区
四合永,辽宁省,抚顺市,清原满族自治县
四会,广东省,肇庆市,四会市
四家子,辽宁省,锦州市,黑山县
四棵树,吉林省,四平市,梨树县
四马架,黑龙江省,黑河市,北安市
四平,吉林省,四平市,[]
四平东,吉林省,四平市,[]
松坝,陕西省,安康市,汉滨区
松河,陕西省,安康市,平利县
松江,上海市,上海市,松江区
松江南,上海市,上海市,松江区
松江镇,上海市,上海市,松江区
松岭,香港特别行政区,香港特别行政区,沙田區
松青,西藏自治区,[],[]
松树,四川省,凉山彝族自治州,雷波县
松树林,内蒙古自治区,呼伦贝尔市,阿荣旗
松树台,辽宁省,本溪市,本溪满族自治县
松树镇,吉林省,白山市,江源区
松原,吉林省,松原市,[]
松滋,湖北省,荆州市,松滋市
宋,黑龙江省,绥化市,肇东市
宋城路,江西省,赣州市,章贡区
苏集,山东省,菏泽市,曹县
苏家屯,辽宁省,沈阳市,苏家屯区
苏尼特左旗,内蒙古自治区,锡林郭勒盟,苏尼特左旗
苏雄,四川省,凉山彝族自治州,甘洛县
苏州,江苏省,苏州市,[]
苏州北,江苏省,苏州市,[]
苏州新区,江苏省,苏州市,虎丘区
苏州园区,江苏省,苏州市,吴中区
宿迁,江苏省,宿迁市,[]
宿州,安徽省,宿州市,[]
宿州东,安徽省,宿州市,[]
肃宁,河北省,沧州市,肃宁县
随县,湖北省,随州市,随县
随州,湖北省,随州市,[]
随州南,湖北省,随州市,[]
绥德,陕西省,榆林市,绥德县
绥芬河,黑龙江省,牡丹江市,绥芬河市
绥化,黑龙江省,绥化市,[]
绥棱,黑龙江省,绥化市,绥棱县
绥阳,贵州省,遵义市,绥阳县
绥中,辽宁省,葫芦岛市,绥中县
绥中北,辽宁省,葫芦岛市,绥中县
遂宁,四川省,遂宁市,[]
遂平,河南省,驻马店市,遂平县
遂溪,广东省,湛江市,遂溪县
孙家,浙江省,宁波市,余姚市
孙吴,黑龙江省,黑河市,孙吴县
孙镇,山东省,滨州市,邹平县
索伦,黑龙江省,齐齐哈尔市,讷河市
塔城,新疆维吾尔自治区,塔城地区,[]
塔尔根,新疆维吾尔自治区,塔城地区,托里县
塔尔气,内蒙古自治区,呼伦贝尔市,牙克石市
塔哈,黑龙江省,齐齐哈尔市,富裕县
塔河,黑龙江省,大兴安岭地区,塔河县
塔崖驿,河北省,保定市,涞源县
塔源,内蒙古自治区,呼伦贝尔市,莫力达瓦达斡尔族自治旗
苔青,黑龙江省,伊春市,西林区
台安,辽宁省,鞍山市,台安县
台前,河南省,濮阳市,台前县
台山,广东省,江门市,台山市
台州,浙江省,台州市,[]
泰安,山东省,泰安市,[]
泰和,江西省,吉安市,泰和县
泰来,黑龙江省,齐齐哈尔市,泰来县
泰宁,福建省,三明市,泰宁县
泰山,山东省,泰安市,泰山区
泰州,江苏省,泰州市,[]
太白,陕西省,宝鸡市,太白县
太谷,山西省,晋中市,太谷县
太谷西,山西省,晋中市,太谷县
太和北,安徽省,阜阳市,太和县
太和东,安徽省,阜阳市,太和县
太湖,安徽省,安庆市,太湖县
太姥山,福建省,宁德市,福鼎市
太平川,辽宁省,阜新市,阜新蒙古族自治县
太平镇,辽宁省,阜新市,太平区
太平庄,辽宁省,阜新市,阜新蒙古族自治县
太阳沟,辽宁省,大连市,旅顺口区
太阳升,黑龙江省,大庆市,大同区
太原,山西省,太原市,[]
太原东,山西省,太原市,[]
太原南,山西省,太原市,[]
太子城,辽宁省,本溪市,明山区
滩头,广西壮族自治区,桂林市,七星区
谭家井,甘肃省,武威市,古浪县
汤池,云南省,昆明市,宜良县
汤头沟,河北省,承德市,隆化县
汤旺河,黑龙江省,伊春市,汤旺河区
汤逊湖,湖北省,武汉市,江夏区
汤阴,河南省,安阳市,汤阴县
汤原,黑龙江省,佳木斯市,汤原县
塘豹,湖南省,怀化市,通道侗族自治县
塘沽,天津市,天津市,滨海新区
唐河,河南省,南阳市,唐河县
唐家湾,湖北省,随州市,广水市
唐山,河北省,唐山市,[]
唐山北,河北省,唐山市,[]
唐山南,河北省,唐山市,[]
桃村,山西省,临汾市,吉县
桃村北,山西省,临汾市,吉县
桃山,黑龙江省,七台河市,桃山区
桃映,贵州省,铜仁市,江口县
桃园,四川省,巴中市,南江县
桃源,湖南省,常德市,桃源县
陶家屯,辽宁省,沈阳市,新民市
陶赖昭,吉林省,松原市,扶余市
陶思浩,内蒙古自治区,呼和浩特市,土默特左旗
藤县,广西壮族自治区,梧州市,藤县
天岗,吉林省,吉林市,蛟河市
天津,天津市,天津市,[]
天津北,天津市,天津市,[]
天津南,天津市,天津市,[]
天津西,天津市,天津市,[]
天门,湖北省,[],天门市
天门南,湖北省,[],天门市
天棚,青海省,海西蒙古族藏族自治州,天峻县
天水,甘肃省,天水市,[]
天水南,甘肃省,天水市,[]
天义,内蒙古自治区,赤峰市,宁城县
天镇,山西省,大同市,天镇县
天祝,甘肃省,武威市,天祝藏族自治县
田东北,广西壮族自治区,百色市,田东县
田家沟,陕西省,延安市,甘泉县
田梁子,四川省,达州市,万源市
田林,广西壮族自治区,百色市,田林县
田心东,江西省,宜春市,上高县
田阳,广西壮族自治区,百色市,田阳县
铁厂,四川省,自贡市,荣县
铁厂沟,新疆维吾尔自治区,塔城地区,托里县
铁佛寺,河南省,安阳市,殷都区
铁口,山东省,烟台市,海阳市
铁力,黑龙江省,伊春市,铁力市
铁岭,辽宁省,铁岭市,[]
铁岭西,辽宁省,铁岭市,[]
铁刹山,辽宁省,本溪市,本溪满族自治县
亭亮,广西壮族自治区,崇左市,宁明县
亭林,福建省,泉州市,惠安县
通安驿,甘肃省,定西市,陇西县
通北,黑龙江省,黑河市,北安市
通海,云南省,玉溪市,通海县
通化,吉林省,通化市,[]
通化县,吉林省,通化市,通化县
通辽,内蒙古自治区,通辽市,[]
通天屯,黑龙江省,七台河市,勃利县
通渭,甘肃省,定西市,通渭县
通远堡,辽宁省,丹东市,凤城市
通远堡西,辽宁省,丹东市,凤城市
通州,江苏省,南通市,通州区
通州西,江苏省,南通市,通州区
桐柏,河南省,南阳市,桐柏县
桐城,安徽省,安庆市,桐城市
桐庐,浙江省,杭州市,桐庐县
桐木寨,贵州省,铜仁市,松桃苗族自治县
桐乡,浙江省,嘉兴市,海盐县
桐子林,四川省,绵阳市,江油市
桐梓,贵州省,遵义市,务川仡佬族苗族自治县
桐梓北,贵州省,遵义市,务川仡佬族苗族自治县
桐梓东,贵州省,遵义市,务川仡佬族苗族自治县
同江,黑龙江省,佳木斯市,同江市
同心,宁夏回族自治区,吴忠市,同心县
铜罐驿,重庆市,重庆市,九龙坡区
铜陵,安徽省,铜陵市,[]
铜陵北,安徽省,铜陵市,[]
铜仁,贵州省,铜仁市,[]
铜仁南,贵州省,铜仁市,[]
统军庄,北京市,北京市,密云县
头道桥,四川省,达州市,万源市
图里河,内蒙古自治区,呼伦贝尔市,牙克石市
图们,吉林省,延边朝鲜族自治州,图们市
图们北,吉林省,延边朝鲜族自治州,图们市
图强,黑龙江省,大庆市,红岗区
土地堂东,湖北省,武汉市,江夏区
土贵乌拉,内蒙古自治区,乌兰察布市,察哈尔右翼前旗
土门子,黑龙江省,哈尔滨市,宾县
土们岭,吉林省,长春市,[]
土牧尔台,内蒙古自治区,乌兰察布市,察哈尔右翼后旗
土桥子,四川省,宜宾市,江安县
土溪,江西省,宜春市,奉新县
吐哈,新疆维吾尔自治区,吐鲁番市,鄯善县
吐列毛杜,内蒙古自治区,兴安盟,科尔沁右翼中旗
吐鲁番,新疆维吾尔自治区,吐鲁番市,[]
吐鲁番北,新疆维吾尔自治区,吐鲁番市,[]
团结,内蒙古自治区,包头市,昆都仑区
驼腰岭,山西省,长治市,长子县
瓦房,吉林省,白城市,洮南市
瓦房店,辽宁省,大连市,瓦房店市
瓦房店西,辽宁省,大连市,瓦房店市
瓦拉干,黑龙江省,大兴安岭地区,塔河县
瓦屋山,山东省,临沂市,沂水县
瓦窑坝,贵州省,贵阳市,花溪区
瓦窑田,湖南省,湘西土家族苗族自治州,泸溪县
瓦祖,四川省,凉山彝族自治州,美姑县
歪头山,辽宁省,本溪市,溪湖区
弯道,广西壮族自治区,柳州市,融安县
湾沟,吉林省,白山市,江源区
完工,内蒙古自治区,呼伦贝尔市,陈巴尔虎旗
万安县,江西省,吉安市,万安县
万发屯,黑龙江省,黑河市,五大连池市
万乐,广西壮族自治区,南宁市,马山县
万年,江西省,上饶市,万年县
万宁,海南省,[],[]
万源,四川省,达州市,万源市
万州,重庆市,重庆市,万州区
万州北,重庆市,重庆市,万州区
汪清,吉林省,延边朝鲜族自治州,汪清县
王安镇,河北省,保定市,涞源县
王场,四川省,宜宾市,宜宾县
王府,山东省,潍坊市,青州市
王岗,安徽省,阜阳市,颍上县
王家营西,云南省,昆明市,呈贡区
王团庄,甘肃省,庆阳市,环县
王杨,山东省,聊城市,高唐县
望江,安徽省,安庆市,望江县
望牛墩,广东省,东莞市,[]
威海,山东省,威海市,[]
威海北,山东省,威海市,[]
威岭,黑龙江省,伊春市,南岔区
威舍,贵州省,黔西南布依族苗族自治州,兴义市
威信,云南省,昭通市,威信县
威箐,贵州省,六盘水市,盘县
微子镇,山西省,长治市,潞城市
韦庄,河南省,安阳市,安阳县
潍坊,山东省,潍坊市,[]
潍坊北,山东省,潍坊市,[]
苇河,内蒙古自治区,呼伦贝尔市,鄂伦春自治旗
魏家泉,新疆维吾尔自治区,乌鲁木齐市,米东区
魏杖子,辽宁省,葫芦岛市,建昌县
渭南,陕西省,渭南市,[]
渭南北,陕西省,渭南市,[]
渭南西,陕西省,渭南市,[]
渭源,甘肃省,定西市,渭源县
卫辉,河南省,新乡市,卫辉市
卫星,黑龙江省,伊春市,伊春区
温春,黑龙江省,牡丹江市,东安区
温根托海,内蒙古自治区,巴彦淖尔市,乌拉特中旗
温江,四川省,成都市,温江区
温岭,浙江省,台州市,温岭市
温州,浙江省,温州市,[]
温州南,浙江省,温州市,[]
文昌,海南省,[],澄迈县
文登,山东省,威海市,文登区
文登东,山东省,威海市,文登区
文地,福建省,龙岩市,上杭县
文水,山西省,吕梁市,文水县
闻喜,山西省,运城市,闻喜县
闻喜西,山西省,运城市,闻喜县
涡阳,安徽省,亳州市,涡阳县
沃皮,吉林省,长春市,宽城区
乌尔旗汗,内蒙古自治区,呼伦贝尔市,牙克石市
乌固诺尔,内蒙古自治区,呼伦贝尔市,陈巴尔虎旗
乌海,内蒙古自治区,乌海市,[]
乌海北,内蒙古自治区,乌海市,[]
乌海西,内蒙古自治区,乌海市,[]
乌拉山,内蒙古自治区,巴彦淖尔市,乌拉特前旗
乌拉特前旗,内蒙古自治区,巴彦淖尔市,乌拉特前旗
乌兰,青海省,海西蒙古族藏族自治州,乌兰县
乌兰察布,内蒙古自治区,乌兰察布市,[]
乌兰浩特,内蒙古自治区,兴安盟,乌兰浩特市
乌鲁布铁,内蒙古自治区,呼伦贝尔市,鄂伦春自治旗
乌鲁木齐,新疆维吾尔自治区,乌鲁木齐市,[]
乌鲁木齐南,新疆维吾尔自治区,乌鲁木齐市,[]
乌奴耳,内蒙古自治区,呼伦贝尔市,牙克石市
乌审旗,内蒙古自治区,鄂尔多斯市,乌审旗
乌苏,新疆维吾尔自治区,塔城地区,乌苏市
无为,安徽省,芜湖市,无为县
无为南,安徽省,芜湖市,无为县
无锡,江苏省,无锡市,[]
无锡东,江苏省,无锡市,[]
无锡新区,江苏省,无锡市,[]
芜湖,安徽省,芜湖市,[]
梧州,广西壮族自治区,梧州市,[]
梧州南,广西壮族自治区,梧州市,[]
吴堡,陕西省,榆林市,吴堡县
吴川,广东省,湛江市,吴川市
吴官田,云南省,曲靖市,马龙县
吴家川,甘肃省,白银市,靖远县
吴家屯,河北省,石家庄市,[]
吴桥,河北省,沧州市,吴桥县
吴忠,宁夏回族自治区,吴忠市,[]
武安,河北省,邯郸市,武安市
武昌,湖北省,武汉市,武昌区
武当山,甘肃省,金昌市,永昌县
武功,陕西省,咸阳市,武功县
武汉,湖北省,武汉市,[]
武隆,重庆市,重庆市,武隆区
武清,天津市,天津市,武清区
武山,甘肃省,天水市,武山县
武胜,四川省,广安市,武胜县
武威,甘肃省,武威市,[]
武威南,甘肃省,武威市,[]
武乡,山西省,长治市,武乡县
武穴,湖北省,黄冈市,武穴市
武夷山,福建省,南平市,武夷山市
武夷山北,福建省,南平市,武夷山市
武义,浙江省,金华市,武义县
武义北,浙江省,金华市,武义县
武陟,河南省,焦作市,武陟县
五叉沟,黑龙江省,大兴安岭地区,加格达奇区
五常,黑龙江省,哈尔滨市,道里区
五大连池,黑龙江省,黑河市,五大连池市
五道沟,辽宁省,沈阳市,新民市
五道河,吉林省,吉林市,蛟河市
五府山,江西省,上饶市,上饶县
五家,内蒙古自治区,赤峰市,元宝山区
五棵树,吉林省,白城市,镇赉县
五林,黑龙江省,佳木斯市,富锦市
五龙背,辽宁省,丹东市,振安区
五龙背东,黑龙江省,齐齐哈尔市,龙沙区
五女山,辽宁省,本溪市,桓仁满族自治县
五十家子,内蒙古自治区,赤峰市,林西县
五台山,山西省,忻州市,五台县
五通,重庆市,重庆市,开县
五营,黑龙江省,伊春市,五营区
五原,内蒙古自治区,巴彦淖尔市,五原县
五寨,山西省,忻州市,五寨县
午汲,河北省,邯郸市,武安市
西安,陕西省,西安市,[]
西安北,陕西省,西安市,[]
西安南,陕西省,西安市,[]
西昌,四川省,凉山彝族自治州,西昌市
西昌南,四川省,凉山彝族自治州,西昌市
西大庙,吉林省,四平市,梨树县
西斗铺,内蒙古自治区,包头市,固阳县
西渡,江苏省,南京市,栖霞区
西丰,辽宁省,铁岭市,西丰县
西岗子,辽宁省,大连市,金州区
西固,甘肃省,兰州市,西固区
西固城,甘肃省,兰州市,西固区
西湖东,江西省,南昌市,进贤县
西华,河南省,周口市,西华县
西街口,江苏省,徐州市,泉山区
西来,广东省,广州市,荔湾区
西里,内蒙古自治区,锡林郭勒盟,二连浩特市
西岭口,山东省,临沂市,费县
西柳,浙江省,宁波市,余姚市
西六方,黑龙江省,哈尔滨市,通河县
西麻山,黑龙江省,鸡西市,麻山区
西宁,青海省,西宁市,[]
西平,河南省,驻马店市,西平县
西索木,四川省,阿坝藏族羌族自治州,马尔康县
西桐古,山东省,淄博市,淄川区
西乌旗,内蒙古自治区,锡林郭勒盟,西乌珠穆沁旗
西武匠,山西省,晋城市,城区
西峡,河南省,南阳市,西峡县
西乡,陕西省,汉中市,西乡县
西小召,内蒙古自治区,巴彦淖尔市,乌拉特前旗
西阳岔,吉林省,吉林市,永吉县
西阳村,河北省,保定市,安新县
西哲里木,内蒙古自治区,兴安盟,科尔沁右翼中旗
锡林浩特,内蒙古自治区,锡林郭勒盟,锡林浩特市
锡林呼都嘎,内蒙古自治区,锡林郭勒盟,苏尼特右旗
息烽,贵州省,贵阳市,息烽县
息县,河南省,信阳市,息县
汐子,内蒙古自治区,赤峰市,宁城县
犀浦,四川省,成都市,郫县
喜德,四川省,凉山彝族自治州,喜德县
霞浦,福建省,宁德市,霞浦县
峡江,江西省,吉安市,峡江县
下板城,河北省,承德市,宽城满族自治县
下仓,浙江省,杭州市,建德市
下花园,河北省,张家口市,下花园区
下花园北,河北省,张家口市,下花园区
下马塘,辽宁省,本溪市,南芬区
下普雄,四川省,凉山彝族自治州,越西县
下社,福建省,福州市,福清市
下台子,黑龙江省,哈尔滨市,巴彦县
厦门,福建省,厦门市,[]
厦门北,福建省,厦门市,[]
夏坝,安徽省,滁州市,天长市
夏格庄,山东省,青岛市,莱西市
夏官营,河北省,唐山市,迁安市
夏拉哈马,内蒙古自治区,锡林郭勒盟,苏尼特右旗
夏邑县,河南省,商丘市,夏邑县
先锋,重庆市,重庆市,巴南区
仙林,安徽省,黄山市,屯溪区
仙人桥,湖南省,株洲市,攸县
仙水,福建省,莆田市,仙游县
仙桃西,湖北省,[],[]
仙游,福建省,莆田市,仙游县
咸丰,湖北省,恩施土家族苗族自治州,咸丰县
咸宁,湖北省,咸宁市,[]
咸宁北,湖北省,咸宁市,[]
咸宁东,湖北省,咸宁市,[]
咸宁南,湖北省,咸宁市,[]
咸阳,陕西省,咸阳市,[]
咸阳秦都,陕西省,咸阳市,[]
香坊,黑龙江省,哈尔滨市,香坊区
香港红磡,香港特别行政区,[],[]
香港西九龙,香港特别行政区,香港特别行政区,深水埗區
香兰,黑龙江省,伊春市,南岔区
香樟路,湖南省,长沙市,雨花区
襄汾,山西省,临汾市,襄汾县
襄汾西,山西省,临汾市,襄汾县
襄河,安徽省,滁州市,全椒县
襄阳,湖北省,襄阳市,[]
襄阳东,湖北省,襄阳市,[]
襄垣,山西省,长治市,襄垣县
襄州,湖北省,襄阳市,襄州区
湘府路,湖南省,长沙市,天心区
湘潭,湖南省,湘潭市,[]
湘潭北,湖南省,湘潭市,[]
湘乡,湖南省,湘潭市,湘乡市
祥云,云南省,大理白族自治州,祥云县
响水县,江苏省,盐城市,响水县
向塘,浙江省,杭州市,余杭区
向阳,黑龙江省,佳木斯市,向阳区
向阳川,黑龙江省,佳木斯市,富锦市
萧县,安徽省,宿州市,萧县
萧县北,安徽省,宿州市,萧县
小白,黑龙江省,伊春市,铁力市
小池口,河南省,安阳市,林州市
小得江,云南省,曲靖市,罗平县
小东,吉林省,吉林市,舒兰市
小儿坪,湖北省,恩施土家族苗族自治州,巴东县
小姑家,吉林省,吉林市,蛟河市
小关溪,云南省,昭通市,大关县
小河沿,辽宁省,本溪市,本溪满族自治县
小河镇,河南省,鹤壁市,浚县
小岭,吉林省,长春市,[]
小山,黑龙江省,哈尔滨市,阿城区
小哨,四川省,凉山彝族自治州,越西县
小市,辽宁省,本溪市,本溪满族自治县
小寺沟,辽宁省,鞍山市,海城市
小宋,河北省,邯郸市,成安县
小西庄,北京市,北京市,房山区
小新街,河北省,邯郸市,武安市
小扬气,内蒙古自治区,呼伦贝尔市,鄂伦春自治旗
小榆树,吉林省,长春市,农安县
小雨谷,贵州省,六盘水市,盘县
小榄,广西壮族自治区,来宾市,忻城县
孝感,湖北省,孝感市,[]
孝感北,湖北省,孝感市,[]
孝感东,湖北省,孝感市,[]
孝西,陕西省,西安市,户县
辛集,河北省,石家庄市,辛集市
辛集南,河北省,石家庄市,辛集市
新安,河南省,洛阳市,新安县
新安县,河南省,洛阳市,新安县
新场,云南省,昭通市,彝良县
新绰源,内蒙古自治区,呼伦贝尔市,牙克石市
新都东,四川省,成都市,新都区
新干,江西省,吉安市,新干县
新高峰,黑龙江省,黑河市,嫩江县
新寒岭,辽宁省,辽阳市,辽阳县
新和,新疆维吾尔自治区,阿克苏地区,新和县
新化,湖南省,娄底市,新化县
新化南,湖南省,娄底市,新化县
新晃,湖南省,怀化市,新晃侗族自治县
新晃西,湖南省,怀化市,新晃侗族自治县
新会,广东省,江门市,新会区
新江,浙江省,嘉兴市,嘉善县
新津,四川省,成都市,新津县
新津南,四川省,成都市,新津县
新开,黑龙江省,双鸭山市,饶河县
新李,山东省,青岛市,平度市
新立屯,辽宁省,辽阳市,弓长岭区
新凉,四川省,凉山彝族自治州,喜德县
新林,江苏省,南通市,如东县
新民,辽宁省,沈阳市,新民市
新民北,辽宁省,沈阳市,新民市
新坪田,贵州省,黔西南布依族苗族自治州,兴义市
新桥,江苏省,镇江市,丹阳市
新青,黑龙江省,伊春市,新青区
新邱,辽宁省,阜新市,阜新蒙古族自治县
新松浦,黑龙江省,哈尔滨市,松北区
新塘南,福建省,福州市,长乐市
新天,湖北省,武汉市,蔡甸区
新窝铺,辽宁省,朝阳市,北票市
新贤城,内蒙古自治区,包头市,九原区
新县,河南省,信阳市,新县
新香坊北,黑龙江省,哈尔滨市,香坊区
新乡,河南省,新乡市,[]
新乡东,河南省,新乡市,[]
新彦,黑龙江省,黑河市,嫩江县
新阳镇,陕西省,咸阳市,乾县
新沂,江苏省,徐州市,新沂市
新友谊,黑龙江省,双鸭山市,友谊县
新余,江西省,新余市,[]
新余北,江西省,新余市,[]
新杖子,河北省,承德市,承德县
新肇,黑龙江省,大庆市,肇源县
新郑机场,河南省,郑州市,新郑市
新绛,山西省,运城市,新绛县
忻州,山西省,忻州市,[]
忻州西,山西省,忻州市,[]
信丰,江西省,赣州市,信丰县
信阳,河南省,信阳市,[]
信阳东,河南省,信阳市,[]
信宜,广东省,茂名市,信宜市
星朗,贵州省,黔南布依族苗族自治州,独山县
兴安北,内蒙古自治区,兴安盟,科尔沁右翼前旗
兴城,辽宁省,葫芦岛市,兴城市
兴福,黑龙江省,佳木斯市,富锦市
兴国,江西省,赣州市,兴国县
兴国西,江西省,赣州市,兴国县
兴和北,内蒙古自治区,乌兰察布市,化德县
兴凯,云南省,红河哈尼族彝族自治州,蒙自市
兴莲,四川省,泸州市,纳溪区
兴隆县,河北省,承德市,兴隆县
兴隆镇,河北省,承德市,兴隆县
兴宁,广东省,梅州市,兴宁市
兴平,陕西省,咸阳市,兴平市
兴泉堡,甘肃省,白银市,景泰县
兴文,四川省,宜宾市,兴文县
兴业,广西壮族自治区,玉林市,兴业县
兴义,贵州省,黔西南布依族苗族自治州,兴义市
邢台,河北省,邢台市,[]
邢台东,河北省,邢台市,[]
杏树,黑龙江省,双鸭山市,饶河县
杏树屯,辽宁省,葫芦岛市,绥中县
熊岳城,辽宁省,营口市,鲅鱼圈区
修文县,贵州省,贵阳市,修文县
修武西,河南省,焦作市,修武县
秀山,重庆市,重庆市,涪陵区
秀英,海南省,海口市,秀英区
绣峰,四川省,广元市,苍溪县
墟沟,江苏省,连云港市,连云区
徐家,浙江省,宁波市,余姚市
徐家店,黑龙江省,佳木斯市,富锦市
徐水,河北省,保定市,徐水区
徐闻,广东省,湛江市,徐闻县
徐州,江苏省,徐州市,[]
徐州东,江苏省,徐州市,[]
许昌,河南省,许昌市,[]
许昌北,河南省,许昌市,[]
许昌东,河南省,许昌市,[]
许家台,辽宁省,铁岭市,开原市
许家屯,黑龙江省,哈尔滨市,五常市
许三湾,甘肃省,张掖市,高台县
轩岗,山西省,忻州市,原平市
宣城,安徽省,宣城市,[]
宣汉,四川省,达州市,宣汉县
宣和,宁夏回族自治区,中卫市,沙坡头区
宣化,河北省,张家口市,宣化区
宣化北,河北省,张家口市,宣化区
宣家沟,黑龙江省,鸡西市,恒山区
宣威,云南省,曲靖市,宣威市
悬钟,河北省,邯郸市,涉县
学庄,陕西省,榆林市,定边县
旬阳,陕西省,安康市,旬阳县
旬阳北,陕西省,安康市,旬阳县
鸭园,吉林省,通化市,二道江区
牙克石,内蒙古自治区,呼伦贝尔市,牙克石市
牙屯堡,湖南省,怀化市,通道侗族自治县
雅安,四川省,雅安市,[]
雅河,辽宁省,鞍山市,岫岩满族自治县
雅鲁,西藏自治区,[],[]
亚布力,黑龙江省,哈尔滨市,尚志市
亚布力南,黑龙江省,哈尔滨市,尚志市
亚布力西,云南省,怒江傈僳族自治州,福贡县
亚复,吉林省,吉林市,龙潭区
亚河,黑龙江省,牡丹江市,林口县
焉耆,新疆维吾尔自治区,巴音郭楞蒙古自治州,焉耆回族自治县
烟台,山东省,烟台市,[]
烟台南,山东省,烟台市,[]
烟筒山,黑龙江省,哈尔滨市,依兰县
烟筒屯,黑龙江省,哈尔滨市,延寿县
盐城,江苏省,盐城市,[]
盐池,宁夏回族自治区,吴忠市,盐池县
盐津北,云南省,昭通市,盐津县
盐坨,山东省,东营市,东营区
岩会,山西省,阳泉市,平定县
岩山,内蒙古自治区,呼伦贝尔市,牙克石市
延安,陕西省,延安市,[]
延吉,吉林省,延边朝鲜族自治州,延吉市
延吉西,吉林省,延边朝鲜族自治州,延吉市
阎良,陕西省,西安市,阎良区
炎陵,湖南省,株洲市,炎陵县
燕岗,安徽省,滁州市,定远县
燕家庄,山东省,泰安市,泰山区
燕郊,河北省,廊坊市,三河市
燕山,江苏省,常州市,溧阳市
燕子砭,陕西省,汉中市,宁强县
砚川,陕西省,商洛市,商州区
雁荡山,浙江省,温州市,乐清市
雁栖湖,北京市,北京市,怀柔区
雁石南,福建省,龙岩市,新罗区
秧草地,云南省,曲靖市,师宗县
杨村,江西省,景德镇市,乐平市
杨岗,黑龙江省,鸡西市,虎林市
杨家店,江西省,吉安市,安福县
杨家营,贵州省,毕节市,威宁彝族回族苗族自治县
杨林,安徽省,宣城市,宣州区
杨陵,陕西省,咸阳市,杨陵区
杨陵南,陕西省,咸阳市,杨陵区
杨柳青,天津市,天津市,西青区
杨木,黑龙江省,鸡西市,密山市
杨桥,四川省,南充市,仪陇县
杨树湾,河南省,洛阳市,孟津县
杨杖子,辽宁省,朝阳市,朝阳县
杨漩,四川省,乐山市,峨眉山市
扬州,江苏省,扬州市,[]
羊草,黑龙江省,牡丹江市,宁安市
羊马,重庆市,重庆市,忠县
羊坪,贵州省,黔东南苗族侗族自治州,镇远县
羊圈子,辽宁省,鞍山市,岫岩满族自治县
羊尾哨,云南省,曲靖市,富源县
羊者窝,云南省,曲靖市,罗平县
洋河,山东省,青岛市,胶州市
洋县西,陕西省,汉中市,洋县
阳岔,辽宁省,丹东市,宽甸满族自治县
阳澄湖,江苏省,苏州市,相城区
阳春,广东省,阳江市,阳春市
阳高,山西省,大同市,阳高县
阳谷,山东省,聊城市,阳谷县
阳江,广东省,阳江市,[]
阳平关,陕西省,汉中市,宁强县
阳曲,山西省,太原市,尖草坪区
阳曲西,山西省,太原市,尖草坪区
阳泉,山西省,阳泉市,[]
阳泉北,山西省,阳泉市,[]
阳朔,广西壮族自治区,桂林市,阳朔县
阳西,广东省,阳江市,阳西县
阳新,湖北省,黄石市,阳新县
阳信,山东省,滨州市,阳信县
阳邑,河南省,焦作市,山阳区
腰栈,湖北省,宜昌市,五峰土家族自治县
窑上,浙江省,杭州市,建德市
姚渡,四川省,广元市,青川县
姚家,辽宁省,大连市,甘井子区
姚千户屯,辽宁省,沈阳市,苏家屯区
野三坡,河北省,保定市,涞水县
叶柏寿,河北省,承德市,围场满族蒙古族自治县
叶城,新疆维吾尔自治区,喀什地区,叶城县
叶榭,上海市,上海市,松江区
一步滩,四川省,宜宾市,翠屏区
一面坡,山西省,忻州市,静乐县
一面坡北,黑龙江省,哈尔滨市,尚志市
一面山,辽宁省,抚顺市,清原满族自治县
依安,黑龙江省,齐齐哈尔市,依安县
依兰,黑龙江省,哈尔滨市,依兰县
伊春,黑龙江省,伊春市,[]
伊拉哈,黑龙江省,黑河市,嫩江县
伊敏,内蒙古自治区,呼伦贝尔市,鄂温克族自治旗
伊敏索木,内蒙古自治区,呼伦贝尔市,鄂温克族自治旗
伊宁,新疆维吾尔自治区,伊犁哈萨克自治州,伊宁市
伊通,吉林省,四平市,伊通满族自治县
伊图里河,内蒙古自治区,呼伦贝尔市,牙克石市
沂南,山东省,临沂市,沂南县
沂水,山东省,临沂市,沂水县
宜宾,四川省,宜宾市,[]
宜宾南,四川省,宜宾市,[]
宜宾西,四川省,宜宾市,[]
宜昌东,湖北省,宜昌市,[]
宜城,湖北省,襄阳市,宜城市
宜春,江西省,宜春市,[]
宜良北,云南省,昆明市,宜良县
宜耐,云南省,昆明市,石林彝族自治县
宜兴,江苏省,无锡市,宜兴市
宜州,广西壮族自治区,河池市,宜州区
彝良,云南省,昭通市,彝良县
义马,河南省,三门峡市,义马市
义乌,浙江省,金华市,义乌市
义县,辽宁省,锦州市,义县
义县西,辽宁省,锦州市,义县
益阳,湖南省,益阳市,[]
银川,宁夏回族自治区,银川市,[]
银浪,黑龙江省,大庆市,让胡路区
银滩,甘肃省,临夏回族自治州,广河县
银镇,河北省,承德市,围场满族蒙古族自治县
饮马峡,青海省,海西蒙古族藏族自治州,[]
英德,广东省,清远市,英德市
英德西,广东省,清远市,英德市
鹰手营子,河北省,承德市,鹰手营子矿区
鹰潭,江西省,鹰潭市,[]
鹰潭北,江西省,鹰潭市,[]
应城,湖北省,孝感市,应城市
应县,山西省,朔州市,应县
营北,江苏省,淮安市,淮阴区
营街,河南省,开封市,鼓楼区
营口,辽宁省,营口市,[]
营口东,辽宁省,营口市,[]
营盘水,宁夏回族自治区,中卫市,沙坡头区
营盘湾,内蒙古自治区,巴彦淖尔市,乌拉特前旗
营山,四川省,南充市,营山县
迎宾路,北京市,北京市,怀柔区
迎春,浙江省,温州市,鹿城区
迎祥街,山东省,济南市,章丘市
影壁山,吉林省,白山市,抚松县
永安南,福建省,三明市,永安市
永城北,河南省,商丘市,永城市
永川,重庆市,重庆市,永川区
永川东,重庆市,重庆市,永川区
永登,甘肃省,兰州市,永登县
永甸,辽宁省,丹东市,宽甸满族自治县
永福南,广西壮族自治区,桂林市,永福县
永济,山西省,运城市,盐湖区
永济北,山西省,运城市,盐湖区
永嘉,浙江省,温州市,永嘉县
永康,浙江省,金华市,永康市
永康南,浙江省,金华市,永康市
永郎,四川省,凉山彝族自治州,德昌县
永寿,陕西省,咸阳市,永寿县
永泰,福建省,福州市,永泰县
永修,江西省,九江市,永修县
永州,湖南省,永州市,[]
尤溪,福建省,三明市,尤溪县
油溪,广东省,河源市,连平县
酉阳,重庆市,重庆市,酉阳土家族苗族自治县
友好,黑龙江省,伊春市,友好区
于都,江西省,赣州市,于都县
榆次,山西省,晋中市,榆次区
榆林,陕西省,榆林市,[]
榆社,山西省,晋中市,榆社县
榆树,吉林省,长春市,榆树市
榆树沟,吉林省,长春市,德惠市
虞城县,河南省,商丘市,虞城县
余杭,浙江省,杭州市,余杭区
余江,江西省,鹰潭市,月湖区
余粮堡,辽宁省,铁岭市,昌图县
余姚,浙江省,宁波市,余姚市
余姚北,浙江省,宁波市,余姚市
俞冲,安徽省,芜湖市,南陵县
鱼儿沟,河北省,承德市,兴隆县
鱼泉,贵州省,遵义市,湄潭县
雨格,贵州省,六盘水市,盘县
禹城,山东省,德州市,禹城市
禹城东,山东省,德州市,禹城市
禹州,河南省,许昌市,禹州市
玉林,广西壮族自治区,玉林市,[]
玉门,甘肃省,酒泉市,肃州区
玉屏,贵州省,铜仁市,玉屏侗族自治县
玉山,江西省,上饶市,玉山县
玉山南,江西省,上饶市,玉山县
玉舍,江西省,赣州市,全南县
玉石,吉林省,延边朝鲜族自治州,和龙市
玉田县,河北省,唐山市,玉田县
玉溪,云南省,玉溪市,[]
郁南,广东省,云浮市,郁南县
郁山,河南省,洛阳市,新安县
裕国,辽宁省,沈阳市,于洪区
鸳鸯镇,江西省,赣州市,寻乌县
元宝山,内蒙古自治区,赤峰市,元宝山区
元龙,辽宁省,抚顺市,东洲区
元氏,河北省,石家庄市,元氏县
元田坝,贵州省,遵义市,桐梓县
原林,四川省,泸州市,古蔺县
原平,山西省,忻州市,原平市
原平西,山西省,忻州市,原平市
园墩,广东省,惠州市,博罗县
源迁,山东省,淄博市,博山区
源潭,浙江省,绍兴市,诸暨市
越西,四川省,凉山彝族自治州,越西县
岳池,四川省,广安市,岳池县
岳阳,湖南省,岳阳市,[]
岳阳东,湖南省,岳阳市,[]
月华,四川省,达州市,大竹县
月亮田,贵州省,黔南布依族苗族自治州,龙里县
月山,广东省,东莞市,[]
云彩岭,山西省,大同市,灵丘县
云东海,江苏省,连云港市,东海县
云浮东,广东省,云浮市,[]
云居寺,北京市,北京市,房山区
云梦,湖北省,孝感市,云梦县
云梦东,湖北省,孝感市,云梦县
云山,甘肃省,天水市,秦安县
云霄,福建省,漳州市,云霄县
运城,山西省,运城市,[]
运城北,山西省,运城市,[]
枣强,河北省,衡水市,枣强县
枣阳,湖北省,襄阳市,枣阳市
枣庄,山东省,枣庄市,[]
枣庄东,山东省,枣庄市,[]
枣庄西,山东省,枣庄市,[]
枣子林,贵州省,遵义市,习水县
曾家坪子,云南省,曲靖市,宣威市
扎兰屯,内蒙古自治区,呼伦贝尔市,扎兰屯市
扎鲁特,内蒙古自治区,通辽市,扎鲁特旗
扎罗木得,内蒙古自治区,呼伦贝尔市,海拉尔区
扎音河,黑龙江省,绥化市,海伦市
扎赉诺尔,内蒙古自治区,呼伦贝尔市,扎赉诺尔区
扎赉诺尔西,内蒙古自治区,呼伦贝尔市,扎赉诺尔区
湛江,广东省,湛江市,[]
湛江西,广东省,湛江市,[]
樟木头,香港特别行政区,香港特别行政区,沙田區
樟木头东,湖南省,常德市,临澧县
樟树,江西省,宜春市,樟树市
樟树东,江西省,宜春市,樟树市
章党,辽宁省,抚顺市,抚顺县
章丘北,山东省,济南市,章丘区
彰武,辽宁省,阜新市,彰武县
漳平西,福建省,龙岩市,漳平市
漳浦,福建省,漳州市,漳浦县
漳县,甘肃省,定西市,漳县
漳州,福建省,漳州市,[]
张百湾,河北省,承德市,滦平县
张家川,甘肃省,天水市,张家川回族自治县
张家界,湖南省,张家界市,[]
张家界西,湖南省,张家界市,[]
张家口,河北省,张家口市,[]
张兰,安徽省,亳州市,利辛县
张桥,江苏省,泰州市,泰兴市
张三营,广东省,梅州市,大埔县
张台子,辽宁省,锦州市,凌海市
张维屯,吉林省,长春市,农安县
张辛,北京市,北京市,顺义区
张掖,甘肃省,张掖市,[]
张掖西,甘肃省,张掖市,[]
招柏,山西省,大同市,灵丘县
昭山,湖南省,湘潭市,岳塘区
昭通,云南省,昭通市,[]
昭通北,云南省,昭通市,[]
昭通南,云南省,昭通市,[]
赵城,山西省,长治市,平顺县
赵光,黑龙江省,黑河市,北安市
赵庄,安徽省,亳州市,蒙城县
照福铺,云南省,曲靖市,马龙县
肇东,黑龙江省,绥化市,肇东市
肇庆,广东省,肇庆市,[]
肇庆东,广东省,肇庆市,[]
枕头峰,吉林省,延边朝鲜族自治州,安图县
镇安,陕西省,商洛市,镇安县
镇城底,山西省,太原市,古交市
镇江,江苏省,镇江市,[]
镇江南,江苏省,镇江市,京口区
镇西,辽宁省,铁岭市,铁岭县
镇远,贵州省,黔东南苗族侗族自治州,镇远县
镇紫街,重庆市,重庆市,綦江区
镇赉,吉林省,白城市,镇赉县
正定,河北省,石家庄市,正定县
正定机场,河北省,石家庄市,正定县
正镶白旗,内蒙古自治区,锡林郭勒盟,正镶白旗
郑州,河南省,郑州市,[]
郑州东,河南省,郑州市,[]
郑州西,河南省,郑州市,[]
枝城,湖北省,宜昌市,宜都市
枝江北,湖北省,宜昌市,枝江市
织金,贵州省,毕节市,织金县
纸坊东,湖北省,武汉市,江夏区
治安,黑龙江省,齐齐哈尔市,克东县
中川机场,甘肃省,兰州市,永登县
中和,黑龙江省,哈尔滨市,延寿县
中宁,宁夏回族自治区,中卫市,中宁县
中宁东,宁夏回族自治区,中卫市,中宁县
中宁南,宁夏回族自治区,中卫市,中宁县
中山,广东省,中山市,[]
中山北,广东省,中山市,[]
中台子,内蒙古自治区,赤峰市,松山区
中堂,浙江省,宁波市,奉化市
中卫,宁夏回族自治区,中卫市,[]
中卫南,宁夏回族自治区,中卫市,[]
中兴,四川省,巴中市,巴州区
中寨,广东省,汕头市,潮阳区
中嘴,青海省,西宁市,大通回族土族自治县
忠工屯,内蒙古自治区,呼伦贝尔市,牙克石市
钟家村,湖北省,武汉市,汉阳区
钟山西,广西壮族自治区,贺州市,钟山县
钟祥,湖北省,荆门市,钟祥市
重庆,重庆市,重庆市,[]
重庆北,重庆市,重庆市,[]
重庆南,重庆市,重庆市,[]
重庆西,重庆市,重庆市,[]
仲恺,广东省,广州市,白云区
周家,浙江省,绍兴市,新昌县
周口,河南省,周口市,[]
周口东,河南省,周口市,[]
珠海,广东省,珠海市,[]
珠海北,广东省,珠海市,[]
珠琳,江西省,鹰潭市,余江县
珠斯花,内蒙古自治区,通辽市,霍林郭勒市
株洲,湖南省,株洲市,[]
株洲西,湖南省,株洲市,[]
朱家沟,宁夏回族自治区,中卫市,中宁县
朱家窑,吉林省,松原市,长岭县
朱日和,内蒙古自治区,锡林郭勒盟,苏尼特右旗
朱砂古镇,河南省,开封市,通许县
朱石寨,贵州省,黔南布依族苗族自治州,独山县
朱杨溪,重庆市,重庆市,江津区
诸城,山东省,潍坊市,诸城市
诸暨,浙江省,绍兴市,诸暨市
驻马店,河南省,驻马店市,[]
驻马店西,河南省,驻马店市,[]
庄河北,辽宁省,大连市,庄河市
庄桥,浙江省,宁波市,江北区
卓资东,内蒙古自治区,乌兰察布市,卓资县
卓资山,内蒙古自治区,乌兰察布市,卓资县
资溪,江西省,抚州市,资溪县
资阳北,四川省,资阳市,[]
资中北,四川省,内江市,资中县
淄博,山东省,淄博市,[]
淄博北,山东省,淄博市,[]
紫荆关,河北省,保定市,易县
紫阳,陕西省,安康市,紫阳县
子长,陕西省,延安市,子长县
子洲,陕西省,榆林市,子洲县
自贡,四川省,自贡市,[]
邹城,山东省,济宁市,邹城市
邹平,山东省,滨州市,邹平县
遵义,贵州省,遵义市,[]
遵义南,贵州省,遵义市,[]
左家,江西省,吉安市,安福县
左岭,湖北省,武汉市,洪山区
柞水,陕西省,商洛市,柞水县
攸县南,湖南省,株洲市,攸县
佟家,黑龙江省,哈尔滨市,呼兰区
倭肯,黑龙江省,哈尔滨市,依兰县
偃师,河南省,洛阳市,偃师市
兖州,山东省,济宁市,兖州区
亳州,安徽省,亳州市,[]
亳州南,安徽省,亳州市,[]
讷尔克气,内蒙古自治区,呼伦贝尔市,鄂伦春自治旗
讷河,黑龙江省,齐齐哈尔市,讷河市
诏安,福建省,漳州市,诏安县
邛崃,四川省,成都市,邛崃市
邳州,江苏省,徐州市,邳州市
郏县,河南省,平顶山市,郏县
郓城,山东省,菏泽市,郓城县
郫县,四川省,成都市,郫都区
郫县西,四川省,成都市,郫都区
郯城,山东省,临沂市,郯城县
鄱阳,江西省,上饶市,鄱阳县
鄯善,新疆维吾尔自治区,吐鲁番市,鄯善县
鄯善北,新疆维吾尔自治区,吐鲁番市,鄯善县
芨岭,甘肃省,金昌市,金川区
芙蓉南,湖南省,长沙市,芙蓉区
芷江,湖南省,怀化市,鹤城区
莒南,山东省,临沂市,莒南县
莒县,山东省,日照市,莒县
蔺家楼,山东省,莱芜市,莱城区
蕲春,湖北省,黄冈市,蕲春县
藁城,河北省,石家庄市,藁城区
藁城南,河北省,石家庄市,藁城区
弋江,安徽省,芜湖市,弋江区
弋阳,江西省,上饶市,弋阳县
岐山,陕西省,宝鸡市,岐山县
岑溪,广西壮族自治区,梧州市,岑溪市
岚山西,山东省,日照市,岚山区
岚县,山西省,吕梁市,岚县
岢岚,山西省,忻州市,岢岚县
岫岩,辽宁省,鞍山市,岫岩满族自治县
岱岳,山东省,泰安市,岱岳区
岷县,甘肃省,定西市,岷县
嵯岗,内蒙古自治区,呼伦贝尔市,新巴尔虎左旗
嵩明,云南省,昆明市,嵩明县
衢州,浙江省,衢州市,[]
阆中,四川省,南充市,阆中市
汨罗,湖南省,岳阳市,汨罗市
汨罗东,湖南省,岳阳市,汨罗市
泔溪,重庆市,重庆市,酉阳土家族苗族自治县
沭阳,江苏省,宿迁市,沭阳县
泗水,山东省,济宁市,任城区
泗水南,山东省,济宁市,任城区
泗县,安徽省,宿州市,泗县
泗阳,江苏省,宿迁市,泗阳县
泾川,甘肃省,平凉市,泾川县
泾县,安徽省,宣城市,泾县
洮南,吉林省,白城市,洮南市
涞源,河北省,保定市,涞源县
浠水,湖北省,黄冈市,浠水县
涿州,河北省,保定市,涿州市
涿州东,河北省,保定市,涿州市
渑池,河南省,三门峡市,渑池县
渑池南,河南省,三门峡市,渑池县
湟源,青海省,西宁市,湟源县
溆浦,湖南省,怀化市,溆浦县
溆浦南,湖南省,怀化市,溆浦县
溧水,江苏省,南京市,溧水区
溧阳,江苏省,常州市,溧阳市
潢川,河南省,信阳市,潢川县
漯河,河南省,漯河市,[]
漯河西,河南省,漯河市,[]
潼关,陕西省,渭南市,潼关县
潼南,重庆市,重庆市,潼南区
濑湍,广西壮族自治区,崇左市,江州区
澧县,湖南省,常德市,澧县
濮阳,河南省,濮阳市,[]
寮步,广东省,东莞市,[]
迤那,云南省,曲靖市,宣威市
迤资,云南省,楚雄彝族自治州,永仁县
婺源,江西省,上饶市,婺源县
缙云,浙江省,丽水市,缙云县
缙云西,浙江省,丽水市,缙云县
珞璜南,重庆市,重庆市,江津区
璧山,重庆市,重庆市,璧山区
桦林,黑龙江省,双鸭山市,饶河县
桦南,黑龙江省,佳木斯市,桦南县
桦皮厂,吉林省,长春市,农安县
榕江,贵州省,黔东南苗族侗族自治州,榕江县
轸溪,四川省,乐山市,沙湾区
晏城,山东省,德州市,齐河县
贲红,内蒙古自治区,乌兰察布市,兴和县
犍为,四川省,乐山市,犍为县
氡泉,吉林省,白山市,江源区
虢镇,江苏省,南京市,江宁区
滕州,山东省,枣庄市,滕州市
滕州东,山东省,枣庄市,滕州市
歙县,安徽省,黄山市,歙县
歙县北,安徽省,黄山市,歙县
旌德,安徽省,宣城市,旌德县
砀山,安徽省,宿州市,砀山县
砀山南,安徽省,宿州市,砀山县
砬子河,吉林省,白山市,抚松县
睢宁,江苏省,徐州市,睢宁县
稷山,山西省,运城市,稷山县
褚家湾,新疆维吾尔自治区,昌吉回族自治州,阜康市
耒阳,湖南省,衡阳市,耒阳市
耒阳西,湖南省,衡阳市,耒阳市
颍上,安徽省,阜阳市,颍上县
蛟河,吉林省,吉林市,蛟河市
蛟河西,吉林省,吉林市,蛟河市
綦江,重庆市,重庆市,綦江区
綦江东,重庆市,重庆市,綦江区
醴陵,湖南省,株洲市,醴陵市
醴陵东,湖南省,株洲市,醴陵市
鲅鱼圈,辽宁省,营口市,鲅鱼圈区
鲘门,广东省,汕尾市,海丰县
安江东,浙江省,宁波市,鄞州区
白沙铺,海南省,[],白沙黎族自治县
白沙沱,海南省,[],白沙黎族自治县
册亨,贵州省,黔西南布依族苗族自治州,册亨县
常平南,广西壮族自治区,贵港市,平南县
长临河,内蒙古自治区,巴彦淖尔市,临河区
长汀镇,福建省,龙岩市,长汀县
长武,陕西省,咸阳市,长武县
朝阳湖,辽宁省,朝阳市,双塔区
朝阳镇,辽宁省,朝阳市,双塔区
大田边,福建省,三明市,大田县
东营子,山东省,东营市,东营区
都昌,江西省,九江市,都昌县
敦煌,甘肃省,酒泉市,敦煌市
抚宁,河北省,秦皇岛市,抚宁区
皋兰,甘肃省,兰州市,皋兰县
光山,河南省,信阳市,光山县
广德号,安徽省,宣城市,广德县
广南卫,云南省,文山壮族苗族自治州,广南县
和龙,吉林省,延边朝鲜族自治州,和龙市
鹤庆,云南省,大理白族自治州,鹤庆县
贺胜桥东,河北省,张家口市,宣化区
横沟桥东,河北省,张家口市,宣化区
霍尔果斯,新疆维吾尔自治区,伊犁哈萨克自治州,霍尔果斯市
建昌,辽宁省,葫芦岛市,建昌县
建湖,江苏省,盐城市,建湖县
金口河,四川省,乐山市,金口河区
金银川,宁夏回族自治区,银川市,金凤区
军粮城北,青海省,西宁市,城北区
口头,湖南省,永州市,道县
老城镇,河南省,洛阳市,西工区
连山关,广东省,清远市,连山壮族瑶族自治县
临江溪,吉林省,白山市,临江市
六合镇,江苏省,南京市,玄武区
六盘山,辽宁省,盘锦市,双台子区
隆安东,广西壮族自治区,南宁市,隆安县
南堡北,河南省,郑州市,金水区
南城司,江西省,抚州市,南城县
南丰,江西省,抚州市,南丰县
磐安镇,浙江省,金华市,磐安县
平安,青海省,海东市,平安区
平原堡,山东省,德州市,平原县
黔西,贵州省,毕节市,黔西县
桥西,河北省,张家口市,万全区
上高镇,江西省,宜春市,上高县
邵东,湖南省,邵阳市,邵东县
松江河,上海市,上海市,松江区
太阳山,广东省,清远市,阳山县
唐海南,海南省,海口市,秀英区
天桥,山东省,济南市,天桥区
天桥沟,山东省,济南市,天桥区
通道,湖南省,怀化市,通道侗族自治县
苇河西,天津市,天津市,红桥区
渭南镇,陕西省,渭南市,临渭区
五莲,山东省,日照市,五莲县
西林,广西壮族自治区,百色市,西林县
项城,河南省,周口市,项城市
小南海,广东省,佛山市,南海区
新固镇,安徽省,蚌埠市,固镇县
盐津,云南省,昭通市,盐津县
阳东,广东省,阳江市,阳东区
阳泉曲,山西省,阳泉市,城区
永安乡,福建省,三明市,永安市
镇平,河南省,南阳市,镇平县
畲江北,重庆市,重庆市,涪陵区
阿里河,内蒙古自治区,呼伦贝尔市,鄂伦春自治旗
阿龙山,内蒙古自治区,呼伦贝尔市,根河市
安庆沟,内蒙古自治区,赤峰市,松山区
八方山,湖南省,长沙市,岳麓区
巴彦高勒,内蒙古自治区,兴安盟,扎赉特旗
巴彦郭勒,内蒙古自治区,锡林郭勒盟,锡林浩特市
白水江,陕西省,汉中市,略阳县
白水镇,云南省,曲靖市,沾益区
保康,湖北省,襄阳市,保康县
宝龙山,内蒙古自治区,通辽市,科尔沁左翼中旗
宝清,黑龙江省,双鸭山市,宝清县
北票,辽宁省,朝阳市,北票市
碧江,贵州省,铜仁市,碧江区
彬州,山东省,滨州市,滨城区
草河口,辽宁省,本溪市,本溪满族自治县
常村,山西省,长治市,潞城区
朝阳地,河北省,承德市,围场满族蒙古族自治县
大红旗,辽宁省,沈阳市,新民市
大乌苏,黑龙江省,大兴安岭地区,呼玛县
大竹园,陕西省,安康市,汉滨区
丹霞山,广东省,韶关市,仁化县
登沙河,辽宁省,大连市,金州区
东二道河,内蒙古自治区,呼和浩特市,玉泉区
东明村,内蒙古自治区,通辽市,奈曼旗
东阳关,山西省,长治市,黎城县
对青山,黑龙江省,哈尔滨市,松北区
额敏,新疆维吾尔自治区,塔城地区,额敏县
二道沟门,河北省,承德市,滦平县
二道桥,新疆维吾尔自治区,乌鲁木齐市,天山区
二道沙河,内蒙古自治区,包头市,九原区
二道湾,新疆维吾尔自治区,乌鲁木齐市,天山区
二龙山屯,黑龙江省,黑河市,五大连池市
凤凰机场,海南省,三亚市,天涯区
凤台南,安徽省,淮南市,凤台县
佛坪,陕西省,汉中市,佛坪县
福山口,广东省,佛山市,禅城区
高台子,内蒙古自治区,呼伦贝尔市,扎兰屯市
共和,青海省,海南藏族自治州,共和县
古城镇,黑龙江省,牡丹江市,林口县
古城子,辽宁省,沈阳市,浑南区
古浪,甘肃省,武威市,古浪县
谷城北,湖北省,襄阳市,谷城县
灌云,江苏省,连云港市,灌云县
海北,青海省,海北藏族自治州,海晏县
黑山寺,北京市,北京市,密云区
红旗营,黑龙江省,齐齐哈尔市,昂昂溪区
红兴隆,黑龙江省,双鸭山市,友谊县
怀安,河北省,张家口市,怀安县
怀来,河北省,张家口市,怀来县
霍城,新疆维吾尔自治区,伊犁哈萨克自治州,霍城县
吉水西,江西省,吉安市,吉水县
吉新河,黑龙江省,齐齐哈尔市,碾子山区
蓟州,天津市,天津市,北辰区
蓟州北,天津市,天津市,蓟州区
建三江,黑龙江省,佳木斯市,富锦市
九龙塘,香港特别行政区,香港特别行政区,九龙城区
凯北,黑龙江省,鸡西市,虎林市
莲花山,广东省,广州市,番禺区
莲江口,黑龙江省,佳木斯市,郊区
连珠山,黑龙江省,鸡西市,密山市
龙泉寺,四川省,成都市,龙泉驿区
龙山镇,福建省,漳州市,南靖县
麓谷,湖南省,长沙市,岳麓区
帽儿山西,黑龙江省,哈尔滨市,尚志市
梅花山,江苏省,南京市,玄武区
明水河,内蒙古自治区,兴安盟,阿尔山市
南江口,广东省,云浮市,郁南县
南阳寨,河南省,郑州市,惠济区
平河口,云南省,曲靖市,沾益区
蒲江,四川省,成都市,蒲江县
普洱渡,云南省,昭通市,盐津县
清河,河南省,南阳市,方城县
清水,甘肃省,天水市,清水县
清水北,甘肃省,酒泉市,肃州区
曲江,广东省,韶关市,曲江区
赛乌苏,内蒙古自治区,锡林郭勒盟,二连浩特市
三江口,辽宁省,铁岭市,昌图县
三元坝,贵州省,遵义市,桐梓县
桑植,湖南省,张家界市,桑植县
山城镇,吉林省,通化市,梅河口市
石门村,内蒙古自治区,包头市,昆都仑区
石门坎,江苏省,南京市,秦淮区
石门子,内蒙古自治区,呼伦贝尔市,牙克石市
疏勒河,甘肃省,酒泉市,瓜州县
双河镇,四川省,绵阳市,江油市
双龙湖,重庆市,重庆市,合川区
双龙山,黑龙江省,佳木斯市,富锦市
松山湖北,广东省,东莞市,东莞市
宿松,安徽省,安庆市,宿松县
汤山城,辽宁省,丹东市,振安区
天柱山,安徽省,安庆市,潜山市
铁西,四川省,凉山彝族自治州,越西县
通榆,吉林省,白城市,通榆县
铜鼓溪,江西省,宜春市,铜鼓县
托克托东,内蒙古自治区,呼和浩特市,托克托县
弯坵,四川省,攀枝花市,米易县
威宁,云南省,昭通市,彝良县
温泉寺,辽宁省,本溪市,本溪满族自治县
乌兰哈达,黑龙江省,哈尔滨市,南岗区
乌兰胡同,内蒙古自治区,包头市,达尔罕茂明安联合旗
乌兰花,内蒙古自治区,锡林郭勒盟,苏尼特右旗
乌龙泉南,湖北省,武汉市,江夏区
乌伊岭,黑龙江省,伊春市,汤旺县
武当山西,湖北省,十堰市,丹江口市
西平西,河南省,驻马店市,西平县
下城子,黑龙江省,牡丹江市,穆棱市
小金口,广东省,惠州市,惠城区
孝南,湖北省,孝感市,孝南区
新安庄,内蒙古自治区,乌兰察布市,丰镇市
新干东,广东省,广州市,海珠区
新华,黑龙江省,鹤岗市,东山区
新华屯,黑龙江省,大庆市,大同区
新平坝,云南省,文山壮族苗族自治州,文山市
兴安岭,内蒙古自治区,呼伦贝尔市,牙克石市
兴隆店,辽宁省,沈阳市,新民市
崖州,海南省,三亚市,崖州区
亚龙湾,海南省,三亚市,吉阳区
延平,福建省,南平市,延平区
延平东,福建省,南平市,延平区
延平西,福建省,南平市,延平区
阳高南,山西省,大同市,阳高县
阳明堡,山西省,忻州市,代县
彝良南,云南省,昭通市,彝良县
银瓶,广东省,东莞市,东莞市
英吉沙,新疆维吾尔自治区,喀什地区,英吉沙县
永定,福建省,龙岩市,永定区
永丰营,云南省,昆明市,宜良县
永仁,云南省,楚雄彝族自治州,永仁县
永胜,云南省,丽江市,永胜县
榆树川,吉林省,长春市,榆树市
榆树屯,黑龙江省,齐齐哈尔市,昂昂溪区
榆中,甘肃省,兰州市,榆中县
玉泉,浙江省,杭州市,西湖区
元谋西,云南省,楚雄彝族自治州,元谋县
云南驿,云南省,大理白族自治州,祥云县
泽普,新疆维吾尔自治区,喀什地区,泽普县
镇雄,云南省,昭通市,镇雄县
准东,新疆维吾尔自治区,昌吉回族自治州,阜康市
准格尔,内蒙古自治区,鄂尔多斯市,准格尔旗
鄢陵,河南省,许昌市,鄢陵县
莒南北,山东省,临沂市,莒南县
鄠邑,陕西省,西安市,鄠邑区
珲春,吉林省,延边朝鲜族自治州,珲春市
颍上北,安徽省,阜阳市,颍上县
福海西,新疆维吾尔自治区,阿勒泰地区,福海县
永和,广东省,广州市,增城区
